{
    "lam_00": [
        4.510444213777145,
        1e-16,
        4190.538361591443,
        1e-16,
        706.5254277164895,
        0.05,
        0.05,
        2.675502769980331e-10,
        1274.0613514211973,
        1e-16,
        582.0023044636515,
        1e-16,
        0.03333338589669356,
        0.03333338589669356,
        0.0,
        0.03333322820661288
    ],
    "lam_01": [
        3.1530033344474564e-09,
        6.722954028829374e-09,
        0.09999999327704598,
        2.9235856487851563e-10,
        0.042434414997638024,
        0.013550744460548056,
        0.0,
        0.04401484054181392
    ],
    "lam_02": [
        2.6755027706290827e-10,
        3.3843080720155663e-09,
        0.09999999661569192,
        3.338792125244481,
        0.040313362822557215,
        0.00870762872585481,
        0.0,
        0.05097900845158798
    ],
    "lam_03": [
        2.6755027698577533e-10,
        1.4032621873541564e-08,
        0.09999998596737814,
        4.832873796771931,
        0.028411496342995182,
        0.010835364994907684,
        0.0,
        0.06075313866209714
    ],
    "lam_04": [
        2.675502771763102e-10,
        0.09999998827337002,
        1.1726629984827394e-08,
        2.3072307599478954,
        0.012916387082695942,
        0.009031003796340774,
        0.0,
        0.07805260912096329
    ],
    "lam_05": [
        4.597740665514316e-10,
        0.09999999570748805,
        4.292511952372172e-09,
        6.399451386997229e-10,
        0.004627256865102156,
        0.0064226134948937325,
        0.0,
        0.08895012964000412
    ],
    "lam_06": [
        0.08542941785698802,
        0.09999999573228821,
        4.2677118001226904e-09,
        2.675502891664073e-10,
        0.015585471124272072,
        0.001921248975833075,
        0.0,
        0.08249327989989486
    ],
    "lam_07": [
        5.725795415058096e-10,
        1.9270650012426984e-07,
        0.09999980729349987,
        5.022266053194765e-10,
        0.01143613061277371,
        0.0015129272752981149,
        0.0,
        0.08705094211192818
    ],
    "lam_08": [
        5.25739185055837e-10,
        6.128317044606707e-08,
        0.09999993871682956,
        5.44801327054399e-10,
        0.00837751416151023,
        0.0012980656462549477,
        0.0,
        0.09032442019223483
    ],
    "lam_09": [
        5.603659968771952e-10,
        9.108883095888396e-08,
        0.09999990891116904,
        5.120147453746687e-10,
        0.0013079190527816359,
        0.0007983361565262184,
        0.0,
        0.09789374479069216
    ],
    "pi_00": [
        -1274.044684807094,
        2059.8374937350463,
        -454.5978359829417,
        411.35491482181175
    ],
    "pi_01": [
        -1235.700426939436,
        1235.6116754951854,
        -331.02008176000845,
        259.0954918368474
    ],
    "pi_02": [
        -1087.2223295044296,
        713.5257856444641,
        -222.28351082085734,
        159.37208270663376
    ],
    "pi_03": [
        -835.3450804788022,
        364.74018326250973,
        -138.74261434700242,
        101.19293510679033
    ],
    "pi_04": [
        -557.9587982043473,
        202.8049301319309,
        -82.94801994214917,
        68.04708655897251
    ],
    "pi_05": [
        -331.8585776496949,
        213.45987509514012,
        -49.771178218005986,
        43.285111098580984
    ],
    "pi_06": [
        -202.51543591612813,
        161.5892145870331,
        -29.529968408872065,
        24.263399720191288
    ],
    "pi_07": [
        -136.6909542237645,
        105.13886488324722,
        -15.863235613098619,
        12.813506307229595
    ],
    "pi_08": [
        -92.02016763454864,
        70.90085433133329,
        -6.663085877359826,
        5.351363877370691
    ],
    "pi_09": [
        -66.8187148723905,
        53.513282054570496,
        0.016758738619296224,
        -0.010381073309931398
    ],
    "sl_00": [
        4.2805890333284697e-07
    ],
    "sl_01": [
        2.1351118109936412e-07
    ],
    "sl_02": [
        4.474139424336946e-06
    ],
    "sl_03": [
        5.678289209071283e-06
    ],
    "sl_04": [
        1.0828253913864579e-06
    ],
    "sl_05": [
        1.4960509704573688e-06
    ],
    "sl_06": [
        3.206031248631962e-06
    ],
    "sl_07": [
        7.15510398699954e-05
    ],
    "sl_08": [
        7.836127926629651e-05
    ],
    "sl_09": [
        0.00015002394275270565
    ],
    "su_00": [
        6.421170744415609e-07
    ],
    "su_01": [
        6.422658127565917e-07
    ],
    "su_02": [
        3.9090806278856285e-07
    ],
    "su_03": [
        4.2515112288642137e-07
    ],
    "su_04": [
        5.432550331113279e-07
    ],
    "su_05": [
        3.410104233538895e-07
    ],
    "su_06": [
        4.001873076686456e-07
    ],
    "su_07": [
        3.1609481431083945e-07
    ],
    "su_08": [
        2.6586899102875076e-07
    ],
    "su_09": [
        2.26343599169826e-07
    ],
    "u_00": [
        4.7433440274253075e-09
    ],
    "u_01": [
        -3.465005763364594e-05
    ],
    "u_02": [
        -6.410210368421292e-09
    ],
    "u_03": [
        -4.428893647472083e-09
    ],
    "u_04": [
        -9.27614597750257e-09
    ],
    "u_05": [
        -0.00024695736856206863
    ],
    "u_06": [
        2.5037173392050207e-07
    ],
    "u_07": [
        0.00012334239726250802
    ],
    "u_08": [
        -0.0003117974041827686
    ],
    "u_09": [
        0.005963615203086406
    ],
    "x_00": [
        0.0,
        0.0,
        0.0,
        0.0
    ],
    "x_01": [
        2.3157669804122532e-11,
        2.457133717012638e-11,
        4.676127670591458e-10,
        5.183862542819058e-10
    ],
    "x_02": [
        -1.7242414706871228e-07,
        -2.063212338776248e-07,
        -3.454057730045076e-06,
        -4.2601099232390765e-06
    ],
    "x_03": [
        -5.147226678150401e-07,
        -6.732156118287798e-07,
        -3.4248353460493557e-06,
        -5.464259502292885e-06
    ],
    "x_04": [
        -8.687957311528906e-07,
        -1.3952802737281903e-06,
        -3.733903177030871e-06,
        -9.550110474578467e-06
    ],
    "x_05": [
        -1.2820214298128237e-06,
        -2.719083276892465e-06,
        -4.635232106800961e-06,
        -1.7628926723363136e-05
    ],
    "x_06": [
        -2.9920017160934254e-06,
        -6.21409971822424e-06,
        -2.9534413600244018e-05,
        -5.336043200931168e-05
    ],
    "x_07": [
        -5.978545462470062e-06,
        -1.2259236423063465e-05,
        -3.076074747876747e-05,
        -7.133700027562592e-05
    ],
    "x_08": [
        -8.516024732197174e-06,
        -1.9650444817267116e-05,
        -2.0106389312425576e-05,
        -7.814724852523237e-05
    ],
    "x_09": [
        -1.219359768291371e-05,
        -3.091923081941004e-05,
        -5.363694270852229e-05,
        -0.00014980990945688506
    ],
    "x_10": [
        1.210453045303802e-05,
        -1.0744966207450366e-05,
        0.0005400092887201235,
        0.0005582424188038475
    ]
}