{
    "lam_00": [
        10.059531903366876,
        10.244229481526384,
        10.309500712079195,
        10.697850839742479,
        9.995145932563954,
        10.041624507184839,
        10.503748146671567,
        10.142129699622956,
        10.114389153885513,
        10.61804170809946,
        9.945431071265045,
        9.771208744516837,
        9.712562384900828,
        9.391345620800019,
        10.009177264982322,
        9.963004961648295,
        9.546153815635012,
        9.865989003476791,
        9.89238484237278,
        9.453676156649387
    ],
    "pi_00": [
        0.3335242168962481,
        -1.0014613119346936,
        -0.3403976786115601,
        -0.1282014925421318,
        -0.1394784820484785,
        -0.2350329867085846,
        -0.12917469521242678,
        0.5273423625529902,
        0.21446047794338782,
        -0.06510025645656727
    ],
    "pi_01": [
        -0.18479023470504344,
        0.15707443521035716,
        0.11729929749931386,
        -0.6493311648083734,
        0.4704676621594838,
        -0.1953377392525636,
        -0.08707018959375203,
        -0.49494529671819215,
        -0.4379507200704826,
        0.21839528818251186
    ],
    "pi_02": [
        0.0652355866006787,
        0.40819578867913486,
        0.07410993230610853,
        0.6532099842103056,
        -0.4063349748017345,
        0.27767958068921633,
        0.1344068636921645,
        -0.24623146168097454,
        0.16816500477797894,
        -0.13865417421842974
    ],
    "pi_03": [
        0.08346373827203964,
        -0.3692396915863664,
        -0.11048794041678874,
        -0.04149510944906036,
        -0.10953799281911082,
        -0.1351123985046546,
        -0.0487934986809422,
        0.5703452221009435,
        0.17730545816044987,
        -0.070636866658993
    ],
    "pi_04": [
        -0.10533076508628858,
        0.024097762818900973,
        0.053183443600265785,
        -0.4377697206299531,
        0.39206256366598546,
        -0.10420808120996157,
        -0.07441443422063543,
        -0.23435974197564569,
        -0.23790938249661747,
        0.19839057816713235
    ],
    "pi_05": [
        0.012892585277646168,
        0.2252376799282761,
        0.04151765797087211,
        0.35819574932934106,
        -0.197866334985885,
        0.19947979770097038,
        0.08331449216445189,
        -0.24020035658960062,
        0.056590191171029924,
        -0.07994506106384947
    ],
    "pi_06": [
        0.061210490869177535,
        -0.18915023707918835,
        -0.07617604488459104,
        0.04575819895848467,
        -0.1426836445161765,
        -0.07608592651531171,
        -0.0035598969112348037,
        0.34031892760545396,
        0.12117745834480582,
        -0.1006668104062383
    ],
    "pi_07": [
        -0.05160222503332612,
        -0.011199851380977852,
        0.02673144965849197,
        -0.2865527154949646,
        0.24184972104933164,
        -0.09258764290278505,
        -0.054678402264744144,
        -0.07631288536158179,
        -0.12920921403033178,
        0.12819443212122314
    ],
    "pi_08": [
        -0.004608033932229542,
        0.1401328112292019,
        0.03619457224450005,
        0.17751075901967445,
        -0.0716114922028659,
        0.12428274838189718,
        0.04020230283967526,
        -0.18299349948965196,
        0.01163290981471734,
        -0.015853920446846796
    ],
    "pi_09": [
        0.03821816241736325,
        -0.09708758479438616,
        -0.04604759687450666,
        0.07048516602180864,
        -0.11796612771002384,
        -0.02414662656786528,
        0.008811646078358153,
        0.18491999439845744,
        0.08064468511065145,
        -0.079033805592033
    ],
    "pi_10": [
        -0.024197610744401694,
        -0.024998985759206956,
        0.008527647189812625,
        -0.17412510203113302,
        0.13392011932611525,
        -0.07041124161961475,
        -0.032904142503568046,
        -0.0063857470448827145,
        -0.06699213759229886,
        0.0656876092468832
    ],
    "pi_11": [
        -0.008425936358238618,
        0.08470400786139747,
        0.025791432190251373,
        0.0776388398953475,
        -0.013585706268780477,
        0.06759512189425826,
        0.017115245412121508,
        -0.12245089228388296,
        -0.005851000029196414,
        0.008348874799855315
    ],
    "pi_12": [
        0.021919571678595703,
        -0.0448146263305451,
        -0.025501147246337705,
        0.06212712651049046,
        -0.08267761540104818,
        -8.092095038497378e-05,
        0.009208897893523332,
        0.09145034289136866,
        0.048760411938792686,
        -0.049808039991998426
    ],
    "pi_13": [
        -0.009715881367461003,
        -0.023172996855570907,
        0.002226338897016564,
        -0.09622294597483064,
        0.06718401321210461,
        -0.04573507723436693,
        -0.0166392544583909,
        0.017803954105395595,
        -0.031210251804043385,
        0.028305346250165436
    ],
    "pi_14": [
        -0.007080448641276578,
        0.04488842316918621,
        0.015538546523241098,
        0.027848370939123752,
        0.009652577805423942,
        0.03236988267076466,
        0.0055016971470719335,
        -0.07239443386133504,
        -0.00807700728383438,
        0.01304739945765809
    ],
    "pi_15": [
        0.010324756548054967,
        -0.017893558030904817,
        -0.014880391006290829,
        0.04087250123193485,
        -0.0508963361694358,
        0.006944636640428273,
        0.005028957278285338,
        0.037347830686459,
        0.023890874446239097,
        -0.02542730972462014
    ],
    "pi_16": [
        -0.0025667271668713193,
        -0.01227688625901463,
        0.002984669796302337,
        -0.04447461719403284,
        0.026322973522015715,
        -0.024204590958889015,
        -0.004742721718942978,
        0.01979404286241249,
        -0.012424946073133422,
        0.007652879066760161
    ],
    "pi_17": [
        -0.0032167108073022053,
        0.017238000575741985,
        0.008583372822457538,
        0.006967928146289807,
        0.014291053801497727,
        0.010905429549077441,
        0.0007582903544898476,
        -0.03232338861671095,
        -0.0020488335008088374,
        0.008505628035395922
    ],
    "pi_18": [
        0.0022582323745455476,
        -0.007063564073170178,
        -0.012121695362393688,
        0.015925790042559878,
        -0.02142272013820163,
        0.004312205826653091,
        -0.0015588727810474641,
        0.00683168327141615,
        0.0060557903574124,
        -0.006103125644761947
    ],
    "pi_19": [
        -0.0028755776785424074,
        -0.0005632316164223846,
        0.003979571173095229,
        -0.00863101470771895,
        0.008457128035765385,
        -0.0013549866640930935,
        0.0032027184965672216,
        0.008119416714409517,
        -0.002740699296609374,
        -0.0029776786411919976
    ],
    "u_00": [
        -1.2088140449724547e-13,
        -1.3455443458379717e-12
    ],
    "u_01": [
        -1.2728925257717927e-12,
        1.539406074554055e-13
    ],
    "u_02": [
        7.932632466346864e-13,
        -2.3719248856758396e-13
    ],
    "u_03": [
        -1.0845889383171326e-13,
        -3.3622482959754407e-13
    ],
    "u_04": [
        -4.598482095528509e-13,
        2.584697347034963e-13
    ],
    "u_05": [
        5.106217115395705e-13,
        8.301114259598664e-14
    ],
    "u_06": [
        -1.0136093031668523e-13,
        -2.418184726116527e-13
    ],
    "u_07": [
        -3.0066431928790077e-13,
        1.0588695684968143e-13
    ],
    "u_08": [
        3.154853507037999e-13,
        9.837431840268793e-14
    ],
    "u_09": [
        -2.1728517179303472e-14,
        -1.4206358516087212e-13
    ],
    "u_10": [
        -2.1378707257521169e-13,
        3.400847161747763e-14
    ],
    "u_11": [
        1.7627311391854507e-13,
        7.111544026035097e-14
    ],