{
    "lam_00": [
        1.3510416177861417e-11,
        1855.2777726889358,
        3078.3027113403014,
        1643.1745532429045,
        1738.201096873065,
        1.3510416177861417e-11,
        0.929105757743791,
        1708.6056099971422,
        1860.0620835364857,
        1646.6124706889266,
        1689.4173031906416,
        0.9651490512266153
    ],
    "lam_01": [
        2.8466595941657833e-11,
        2.8466595941657833e-11,
        1.9948492054434522e-11,
        1.9948581135474718e-11
    ],
    "lam_02": [
        0.26341731993010054,
        0.26341731993010054,
        1.04572950201749e-11,
        1.04572950201749e-11
    ],
    "lam_03": [
        3.032999952999131e-11,
        3.03301224973701e-11,
        3.526268025127856e-11,
        3.526268025127856e-11
    ],
    "lam_04": [
        1.196276012483528e-11,
        1.196276012483528e-11,
        0.13939601479146252,
        0.13939601479146252
    ],
    "lam_05": [
        1.2150478381719815e-11,
        1.2150478381719815e-11,
        2.7485562459044223e-09,
        2.7485562459044223e-09
    ],
    "lam_06": [
        0.10691900473368252,
        0.10691900473368252,
        1.2428858884237395e-11,
        1.2428858884237395e-11
    ],
    "lam_07": [
        0.1534652231848235,
        0.1534652231848235,
        1.2447685424437017e-11,
        1.2447685424437017e-11
    ],
    "lam_08": [
        0.08227522709688137,
        0.08227522709688137,
        1.2261761312500596e-11,
        1.2261761312500596e-11
    ],
    "lam_09": [
        9.475315986590976e-11,
        9.475315986590976e-11,
        1.4093419293982383e-11,
        1.4093419293982383e-11
    ],
    "lam_10": [
        1.2605116495340644e-11,
        1.2605116495340644e-11,
        2.8288056092568787e-10,
        2.8288056092568787e-10
    ],
    "lam_11": [
        1.2106599908882778e-11,
        1.2106599908882778e-11,
        0.02748124529575261,
        0.02748124529575261
    ],
    "lam_12": [
        1.2112344544565458e-11,
        1.2112344544565458e-11,
        0.03287165236797145,
        0.03287165236797145
    ],
    "lam_13": [
        1.1990100944789877e-11,
        1.1990100944789877e-11,
        0.015236295020987934,
        0.015236295020987934
    ],
    "lam_14": [
        1.7048129765033274e-11,
        1.7048129765033274e-11,
        4.485404279951713e-11,
        4.485404279951713e-11
    ],
    "lam_15": [
        3.384673252418282e-11,
        3.384673252418282e-11,
        1.9553872817034918e-11,
        1.9553872817034918e-11
    ],
    "lam_16": [
        2.361582399354239e-09,
        2.361582399354239e-09,
        1.2251371810423639e-11,
        1.2251371810423639e-11
    ],
    "lam_17": [
        1.25294273231545e-05,
        1.25294273231545e-05,
        1.0911699101186694e-11,
        1.0911699101186694e-11
    ],
    "lam_18": [
        5.725644570676346e-11,
        5.725644570676346e-11,
        1.6688236920443933e-11,
        1.6688236920443933e-11
    ],
    "lam_19": [
        2.8442183845775976e-11,
        2.8442183845775976e-11,
        2.1430734661240072e-11,
        2.1430734661240072e-11
    ],
    "pi_00": [
        146.67216269179397,
        926.6941188956974,
        -10.771525580611065,
        2.9351835479228243
    ],
    "pi_01": [
        136.6876680499158,
        595.4875049057522,
        -17.609886609466287,
        -28.0253152240207
    ],
    "pi_02": [
        109.99322300507875,
        329.6567021578905,
        -23.1121508747649,
        -44.509280393621175
    ],
    "pi_03": [
        80.88437016064837,
        242.70726014562234,
        -27.15480116351334,
        -51.61453984783898
    ],
    "pi_04": [
        60.92503861456097,
        161.47188399883584,
        -30.198947831156598,
        -54.883611673803486
    ],
    "pi_05": [
        41.564991005490434,
        -17.184368645223838,
        -32.27908293540219,
        -53.12251806874786
    ],
    "pi_06": [
        2.8667552479265765,
        -172.88706315003623,
        -32.42831069921923,
        -44.897269964853216
    ],
    "pi_07": [
        -56.700516820893064,
        -242.3428641992529,
        -29.59567100668261,
        -33.21276899339891
    ],
    "pi_08": [
        -118.35907728121411,
        -238.65833772095192,
        -23.6760835975718,
        -21.583265776758335
    ],
    "pi_09": [
        -161.02964323572962,
        -198.11353233923322,
        -15.61857911619141,
        -11.894228929968044
    ],
    "pi_10": [
        -165.48950714030568,
        -155.87280841169817,
        -7.334827411421752,
        -4.195799585509071
    ],
    "pi_11": [
        -131.41541579905558,
        -123.83555001719998,
        -0.7579320284983776,
        2.055117360826353
    ],
    "pi_12": [
        -75.42615468572036,
        -94.57057633559758,
        3.0160045825056865,
        6.968157229567348
    ],
    "pi_13": [
        -15.13500764298429,
        -62.45497779589884,
        3.7718342663854663,
        10.32662366909618
    ],
    "pi_14": [
        31.56081793215019,
        -25.233767875338373,
        2.1892612265706797,
        11.797040676164254
    ],
    "pi_15": [
        50.74624925037988,
        13.41463516473022,
        -0.3545498666806494,
        11.267964041305166
    ],
    "pi_16": [
        40.47682404654379,
        44.42590580384782,
        -2.383695887703903,
        9.124090553343848
    ],
    "pi_17": [
        11.59419535073554,
        60.69367242567337,
        -2.9655392368799527,
        6.114074012325254
    ],
    "pi_18": [
        -19.435945429240483,
        62.888016861117514,
        -1.9924398542705921,
        2.9516212920430225
    ],
    "pi_19": [
        -37.98536381865448,
        58.85348946034351,
        -0.0894562298859854,
        -0.008590653414707862
    ],
    "u_00": [
        159.999999996378
    ],
    "u_01": [
        59.61257974157253
    ],
    "u_02": [
        -99.2401499300538
    ],
    "u_03": [
        -94.07788448962187
    ],
    "u_04": [
        10.902569861630711
    ],
    "u_05": [
        57.16417999797187
    ],
    "u_06": [
        -75.83157920833848
    ],
    "u_07": [
        -73.87763762211132
    ],
    "u_08": [
        -78.21950140091784
    ],
    "u_09": [
        -55.646241335332704
    ],
    "u_10": [
        69.44889379987619
    ],
    "u_11": [
        73.4418127502932
    ],
    "u_12": [
        72.0479011528488
    ],
    "u_13": [
        70.66460116336194
    ],
    "u_14": [
        30.96539876787886
    ],
    "u_15": [
        -43.66317606772113
    ],
    "u_16": [
        -90.38718878659503
    ],
    "u_17": [
        -94.99779143794743
    ],
    "u_18": [
        -66.31657919365504
    ],
    "u_19": [
        -17.628501111645807
    ],
    "x_00": [
        -5.119287050962128e-15,
        -4.417231709104184e-19,
        1.7874078168219273e-13,
        2.3968719740949364e-14
    ],
    "x_01": [
        0.19981939954359954,
        -0.248730834825351,
        7.975582609425528,
        -9.870201449966231
    ],
    "x_02": [
        0.6665371350513922,
        -0.8091291667679855,
        10.586868229610191,
        -12.138536177934292
    ],
    "x_03": [
        1.065020465936037,
        -1.2892346834223116,
        5.417949058509243,
        -7.523535003793834
    ],
    "x_04": [
        1.2215418660782202,
        -1.6685420074912045,
        0.8271079965936395,
        -8.154351137538136
    ],
    "x_05": [
        1.2742980702987483,
        -2.166495587883235,
        1.3032426398477768,
        -12.097791764252808
    ],
    "x_06": [
        1.4150214110485517,
        -2.8334349183193135,
        4.367494945866728,
        -14.764731979895613
    ],
    "x_07": [
        1.5516608768432758,
        -3.4740124651547006,
        1.0285889778247403,
        -10.574185535533728
    ],
    "x_08": [
        1.5115143218636689,
        -3.8566951885995353,
        -2.7163147609847735,
        -4.457023278577634
    ],