{
    "lam_00": [
        4.510439706294929,
        1e-16,
        4190.53732322211,
        1e-16,
        706.5252680244431,
        0.05,
        0.05,
        2.6685845259491787e-10,
        1274.061214835126,
        1e-16,
        582.0022227151394,
        1e-16,
        0.03333338596244156,
        0.03333338596244156,
        0.0,
        0.03333322807511689
    ],
    "lam_01": [
        3.1448499396512595e-09,
        6.705570005152669e-09,
        0.09999999329443,
        2.9160259566792827e-10,
        0.042435479897030955,
        0.013548430246760054,
        0.0,
        0.044016089856209
    ],
    "lam_02": [
        2.6685845265951033e-10,
        3.375557081313202e-09,
        0.09999999662444292,
        3.338790238760313,
        0.04031169697508515,
        0.008727237930515037,
        0.0,
        0.050961065094399814
    ],
    "lam_03": [
        2.6685845258271365e-10,
        1.3996337997965252e-08,
        0.099999986003662,
        4.8328719292341935,
        0.028430685947037064,
        0.010868296433036394,
        0.0,
        0.06070101761992655
    ],
    "lam_04": [
        2.668584527724176e-10,
        0.09999998830369393,
        1.1696306081524247e-08,
        2.307229712193762,
        0.012946682206013242,
        0.009064227073844845,
        0.0,
        0.07798909072014192
    ],
    "lam_05": [
        4.5858553975868924e-10,
        0.09999999571858789,
        4.281412107131598e-09,
        6.382897176130999e-10,
        0.004626898644411469,
        0.006448782943851638,
        0.0,
        0.0889243184117369
    ],
    "lam_06": [
        0.08542979648600853,
        0.09999999574332051,
        4.256679488250212e-09,
        2.6685846470860095e-10,
        0.015662746867912206,
        0.0019355313277386404,
        0.0,
        0.08240172180434915
    ],
    "lam_07": [
        5.710968198869125e-10,
        1.9220164341010685e-07,
        0.09999980779835659,
        5.009296234495791e-10,
        0.01151083911999893,
        0.0015240948350847276,
        0.0,
        0.08696506604491636
    ],
    "lam_08": [
        5.243815925085274e-10,
        6.112694666092965e-08,
        0.09999993887305335,
        5.433906078124242e-10,
        0.008383185294917958,
        0.0012848941595800557,
        0.0,
        0.09033192054550199
    ],
    "lam_09": [
        5.589167200570608e-10,
        9.085135976390281e-08,
        0.09999990914864024,
        5.106910398388227e-10,
        0.0013031508449283197,
        0.0007975244336384194,
        0.0,
        0.09789932472143327
    ],
    "pi_00": [
        -1274.0445482210885,
        2059.8368998419437,
        -454.5977678930302,
        411.35483420524724
    ],
    "pi_01": [
        -1235.700291418335,
        1235.6112082614366,
        -331.0200272222071,
        259.09546480439315
    ],
    "pi_02": [
        -1087.222193222618,
        713.5253794086916,
        -222.2834699114182,
        159.37207965803609
    ],
    "pi_03": [
        -835.34496608663,
        364.7398370718199,
        -138.74258487696,
        101.19293594994194
    ],
    "pi_04": [
        -557.9587186618181,
        202.8046443955849,
        -82.9479984265554,
        68.04708495260158
    ],
    "pi_05": [
        -331.85850446917357,
        213.4596597106942,
        -49.77116402070727,
        43.2851076980519
    ],
    "pi_06": [
        -202.51541380196707,
        161.5890817552777,
        -29.529956416132887,
        24.263398659189942
    ],
    "pi_07": [
        -136.69091186565404,
        105.13889690354688,
        -15.863227849234608,
        12.813493852618791
    ],
    "pi_08": [
        -92.0201080241966,
        70.90088822429807,
        -6.663084095898982,
        5.35136068743159
    ],
    "pi_09": [
        -66.81869684196833,
        53.51325925653133,
        0.01675872454877735,
        -0.010381095531946088
    ],
    "sl_00": [
        4.269519971687973e-07
    ],
    "sl_01": [
        2.129590676180653e-07
    ],
    "sl_02": [
        4.452409850108715e-06
    ],
    "sl_03": [
        5.650575542589106e-06
    ],
    "sl_04": [
        1.077953518567224e-06
    ],
    "sl_05": [
        1.4891254148610652e-06
    ],
    "sl_06": [
        3.1829938707884003e-06
    ],
    "sl_07": [
        7.096922700055346e-05
    ],
    "sl_08": [
        7.914040981101611e-05
    ],
    "sl_09": [
        0.0001500749159216113
    ],
    "su_00": [
        6.404566980225991e-07
    ],
    "su_01": [
        6.406050625251013e-07
    ],
    "su_02": [
        3.901703916795969e-07
    ],
    "su_03": [
        4.242680764068146e-07
    ],
    "su_04": [
        5.420501729816929e-07
    ],
    "su_05": [
        3.4025125933540457e-07
    ],
    "su_06": [
        3.9936941764988583e-07
    ],
    "su_07": [
        3.1559091660097064e-07
    ],
    "su_08": [
        2.6506861507246397e-07
    ],
    "su_09": [
        2.256917164988836e-07
    ],
    "u_00": [
        4.731079867978864e-09
    ],
    "u_01": [
        -3.4477831608015424e-05
    ],
    "u_02": [
        -6.393633430155091e-09
    ],
    "u_03": [
        -4.417440418503988e-09
    ],
    "u_04": [
        -9.252157710480075e-09
    ],
    "u_05": [
        -0.0002442013720077843
    ],
    "u_06": [
        2.497229533127047e-07
    ],
    "u_07": [
        0.00011123807351058368
    ],
    "u_08": [
        -0.00030651473434021735
    ],
    "u_09": [
        0.00596583107874666
    ],
    "x_00": [
        0.0,
        0.0,
        0.0,
        0.0
    ],
    "x_01": [
        2.309779446022089e-11,
        2.450780671669008e-11,
        4.664037313967803e-10,
        5.170459411622542e-10
    ],
    "x_02": [
        -1.7156695471102498e-07,
        -2.0529553040479551e-07,
        -3.43688841088414e-06,
        -4.238933801895767e-06
    ],
    "x_03": [
        -5.121640639556978e-07,
        -6.698691512910683e-07,
        -3.4078127754764942e-06,
        -5.437099290635518e-06
    ],
    "x_04": [
        -8.644773126094222e-07,
        -1.3883447813964563e-06,
        -3.715345328838218e-06,
        -9.502641528968836e-06
    ],
    "x_05": [
        -1.2756493281158907e-06,
        -2.7055678617901252e-06,
        -4.612196262643457e-06,
        -1.7541303100762896e-05
    ],
    "x_06": [
        -2.969517791812602e-06,
        -6.174065199852591e-06,
        -2.9234886683832197e-05,
        -5.290679183339967e-05
    ],
    "x_07": [
        -5.925876439287173e-06,
        -1.216891233086981e-05,
        -3.045243419319353e-05,
        -7.075574089357662e-05
    ],
    "x_08": [
        -8.492413756633623e-06,
        -1.9569804772139573e-05,
        -2.099656313356934e-05,
        -7.892693253127916e-05
    ],
    "x_09": [
        -1.2232359229251134e-05,
        -3.087974071167971e-05,
        -5.3994612408274345e-05,
        -0.00014986143609292007
    ],
    "x_10": [
        1.204127722331179e-05,
        -1.0694052700463418e-05,
        0.0005398773288475676,
        0.0005585250687096299
    ]
}