{
    "lam_00": [
        4.510614040291506,
        1e-16,
        4190.577852717013,
        1e-16,
        706.5314837672049,
        0.05,
        0.05,
        2.9401786311052415e-10,
        1274.0666327209412,
        1e-16,
        582.0054149440723,
        1e-16,
        0.033333383480648994,
        0.033333383480648994,
        0.0,
        0.03333323303870201
    ],
    "lam_01": [
        3.4649361292124717e-09,
        7.388026103070901e-09,
        0.0999999926119739,
        3.2128015617206004e-10,
        0.042400492109131424,
        0.013624461026498228,
        0.0,
        0.04397504686437036
    ],
    "lam_02": [
        2.9401786318689773e-10,
        3.7191001208642005e-09,
        0.09999999628089988,
        3.3388616287807764,
        0.0403618306130676,
        0.007941411022970213,
        0.0,
        0.05169675836396219
    ],
    "lam_03": [
        2.9401786309609646e-10,
        1.5420749554412147e-08,
        0.09999998457925045,
        4.832941761728397,
        0.02759030409157794,
        0.009569075994979685,
        0.0,
        0.06284061991344238
    ],
    "lam_04": [
        2.940178633204537e-10,
        0.09999998711323832,
        1.2886761688934732e-08,
        2.307269090450319,
        0.011741933304582394,
        0.007778487726445273,
        0.0,
        0.08047957896897234
    ],
    "lam_05": [
        5.052420579061779e-10,
        0.09999999528283135,
        4.717168657794996e-09,
        7.032820801094433e-10,
        0.004614032457582306,
        0.005445615581136147,
        0.0,
        0.08994035196128156
    ],
    "lam_06": [
        0.08541191821714562,
        0.09999999531023755,
        4.6897624514605285e-09,
        2.9401787751579076e-10,
        0.01266335422603591,
        0.0014134989696554545,
        0.0,
        0.08592314680430864
    ],
    "lam_07": [
        6.293211647973538e-10,
        2.1206301860393698e-07,
        0.0999997879369814,
        5.518336944546243e-10,
        0.008701863317154869,
        0.0011166270450385382,
        0.0,
        0.0901815096378066
    ],
    "lam_08": [
        5.77662394786799e-10,
        6.724252604133724e-08,
        0.09999993275747396,
        5.987884023410734e-10,
        0.007785344740171823,
        0.001900828608831204,
        0.0,
        0.09031382665099698
    ],
    "lam_09": [
        6.158141496347053e-10,
        1.0019174236786897e-07,
        0.09999989980825763,
        5.626547854520882e-10,
        0.0014827302833013306,
        0.0008476774227783852,
        0.0,
        0.09766959229392029
    ],
    "pi_00": [
        -1274.0499661044219,
        2059.8601536348347,
        -454.6004183336297,
        411.357960049762
    ],
    "pi_01": [
        -1235.7056743136684,
        1235.6295217480092,
        -331.0221393732733,
        259.0965064723582
    ],
    "pi_02": [
        -1087.2275881129108,
        713.5412828364987,
        -222.28504256582448,
        159.37219955742506
    ],
    "pi_03": [
        -835.3494068235408,
        364.7533240891302,
        -138.74371345011033,
        101.19291626016897
    ],
    "pi_04": [
        -557.9617627289657,
        202.81574986981352,
        -82.94882258474418,
        68.04715185785128
    ],
    "pi_05": [
        -331.86125248969887,
        213.4678785840195,
        -49.77171336660744,
        43.28523929389754
    ],
    "pi_06": [
        -202.51625494130752,
        161.59391341489246,
        -29.530421934634635,
        24.263431502759016
    ],
    "pi_07": [
        -136.6929092695751,
        105.13687309266575,
        -15.863493917180051,
        12.814012637092187
    ],
    "pi_08": [
        -92.02237659437405,
        70.89896811745741,
        -6.6631223966197775,
        5.351479390559737
    ],
    "pi_09": [
        -66.81909089072774,
        53.51390773894524,
        0.016759503236787526,
        -0.010379974960195859
    ],
    "sl_00": [
        4.70406504530518e-07
    ],
    "sl_01": [
        2.346337414304172e-07
    ],
    "sl_02": [
        5.394660613631421e-06
    ],
    "sl_03": [
        6.852951927753987e-06
    ],
    "sl_04": [
        1.287400419832977e-06
    ],
    "sl_05": [
        1.7878431136563193e-06
    ],
    "sl_06": [
        4.22512177358528e-06
    ],
    "sl_07": [
        9.752906762861212e-05
    ],
    "sl_08": [
        5.1614510122357385e-05
    ],
    "sl_09": [
        0.00014495254533073898
    ],
    "su_00": [
        7.056391916123735e-07
    ],
    "su_01": [
        7.058021619108219e-07
    ],
    "su_02": [
        4.172304148073393e-07
    ],
    "su_03": [
        4.579851138720486e-07
    ],
    "su_04": [
        5.881604234068096e-07
    ],
    "su_05": [
        3.695158457079804e-07
    ],
    "su_06": [
        4.293051269094962e-07
    ],
    "su_07": [
        3.3391230179289953e-07
    ],
    "su_08": [
        2.966141752061551e-07
    ],
    "su_09": [
        2.5158499735785866e-07
    ],
    "u_00": [
        5.2125370089515366e-09
    ],
    "u_01": [
        -4.196442056884247e-05
    ],
    "u_02": [
        -7.044403635718522e-09
    ],
    "u_03": [
        -4.867066989023526e-09
    ],
    "u_04": [
        -1.0193876661721341e-08
    ],
    "u_05": [
        -0.0003726418486819173
    ],
    "u_06": [
        2.7521776637040263e-07
    ],
    "u_07": [
        0.000599305169677704
    ],
    "u_08": [
        -0.0004543423652898943
    ],
    "u_09": [
        0.005924273099386458
    ],
    "x_00": [
        0.0,
        0.0,
        0.0,
        0.0
    ],
    "x_01": [
        2.5448335646147484e-11,
        2.7002003975177658e-11,
        5.138662552751285e-10,
        5.696625007424267e-10
    ],
    "x_02": [
        -2.0882949613707907e-07,
        -2.4988332525004116e-07,
        -4.1832359713590515e-06,
        -5.15945729453172e-06
    ],
    "x_03": [
        -6.23386199400271e-07,
        -8.153397694820564e-07,
        -4.147771626460601e-06,
        -6.6177483445032e-06
    ],
    "x_04": [
        -1.0521968956050957e-06,
        -1.689830620185792e-06,
        -4.522032010466401e-06,
        -1.1566126494065216e-05
    ],
    "x_05": [
        -1.552639749627769e-06,
        -3.293087711118077e-06,
        -5.6135413601561436e-06,
        -2.1350431570493535e-05
    ],
    "x_06": [
        -3.989918417587001e-06,
        -7.96621914061089e-06,
        -4.311854814117793e-05,
        -7.369307032613055e-05
    ],
    "x_07": [
        -8.345176555469288e-06,
        -1.6261404860813663e-05,
        -4.473340818921037e-05,
        -9.72938528222067e-05
    ],
    "x_08": [
        -9.927451644149217e-06,
        -2.3616760530231296e-05,
        1.2989270195960126e-05,
        -5.1379305243633806e-05
    ],
    "x_09": [
        -1.1021746337871494e-05,
        -3.330877764102609e-05,
        -3.504954798970789e-05,
        -0.00014471733765649333
    ],
    "x_10": [
        1.4927280610290387e-05,
        -1.3026084368092421e-05,
        0.0005544417327854685,
        0.0005553440710287494
    ]
}