{
    "lam_00": [
        1e-16,
        1809.04686875424,
        2403.7018342641077,
        1101.1289879024557,
        1134.3136867964377,
        1e-16,
        1.36782070709832,
        918.070508821015,
        906.0973223074058,
        833.0992435619412,
        860.9578311073767,
        1.36782070709832
    ],
    "lam_01": [
        1e-16,
        1e-16,
        0.4487440416917296,
        0.4487440416917296
    ],
    "lam_02": [
        1e-16,
        1e-16,
        1e-16,
        1e-16
    ],
    "lam_03": [
        1e-16,
        1e-16,
        1e-16,
        1e-16
    ],
    "lam_04": [
        0.09322811256734537,
        0.09343311002100727,
        1e-16,
        1e-16
    ],
    "lam_05": [
        0.818438978446825,
        0.818438978446825,
        1e-16,
        1e-16
    ],
    "lam_06": [
        1.0210480684034096,
        1.0210480684034096,
        1e-16,
        1e-16
    ],
    "lam_07": [
        0.4134531964261541,
        0.4134531964261541,
        1e-16,
        1e-16
    ],
    "lam_08": [
        1e-16,
        1e-16,
        1e-16,
        1e-16
    ],
    "lam_09": [
        1e-16,
        1e-16,
        0.0692692476472892,
        0.0692692476472892
    ],
    "lam_10": [
        1e-16,
        1e-16,
        0.0683950404860254,
        0.0683950404860254
    ],
    "lam_11": [
        1e-16,
        1e-16,
        0.009457278909812983,
        0.009457278909812983
    ],
    "lam_12": [
        1e-16,
        1e-16,
        1e-16,
        1e-16
    ],
    "lam_13": [
        1e-16,
        1e-16,
        1e-16,
        1e-16
    ],
    "lam_14": [
        1e-16,
        1e-16,
        1e-16,
        1e-16
    ],
    "lam_15": [
        1e-16,
        1e-16,
        1e-16,
        1e-16
    ],
    "lam_16": [
        1e-16,
        1e-16,
        1e-16,
        1e-16
    ],
    "lam_17": [
        1e-16,
        1e-16,
        1e-16,
        1e-16
    ],
    "lam_18": [
        1e-16,
        1e-16,
        1e-16,
        1e-16
    ],
    "lam_19": [
        1e-16,
        1e-16,
        1e-16,
        1e-16
    ],
    "pi_00": [
        890.9763599331934,
        1384.4942604301445,
        223.4809263438548,
        209.60863994005138
    ],
    "pi_01": [
        880.981507589454,
        1139.0124937571081,
        179.42785709645133,
        153.8958117943248
    ],
    "pi_02": [
        841.166245474442,
        734.8633539880589,
        137.36162836861845,
        113.86289907560065
    ],
    "pi_03": [
        768.5110004048047,
        539.6860339222324,
        98.93083146549436,
        87.6170018511082
    ],
    "pi_04": [
        661.6101885918795,
        598.5359621334065,
        65.84186625486953,
        63.5080082328638
    ],
    "pi_05": [
        523.5442711695098,
        598.5941265252221,
        39.66058582045335,
        33.061507667633
    ],
    "pi_06": [
        373.20162319406035,
        378.92167224644345,
        20.99951443386583,
        8.384569575965804
    ],
    "pi_07": [
        224.81317314280778,
        241.71036680744945,
        9.7611803514939,
        -3.516524396288949
    ],
    "pi_08": [
        101.12460592967328,
        91.87921659157045,
        4.713054249690041,
        -8.44944270017506
    ],
    "pi_09": [
        25.717780790476915,
        -15.7440550115086,
        3.438408327618182,
        -8.036612834556337
    ],
    "pi_10": [
        -2.6886757848562315,
        -40.012921284055686,
        3.580399028739217,
        -5.640662616895963
    ],
    "pi_11": [
        -3.041026119701704,
        -33.4521958647175,
        3.7361321859563184,
        -3.7711644775118645
    ],
    "pi_12": [
        5.092388065168719,
        -18.43766541771376,
        3.4812299338087462,
        -2.7311774301529943
    ],
    "pi_13": [
        9.72532455493961,
        -7.909326589516334,
        2.9938518220491437,
        -2.2371412836782323
    ],
    "pi_14": [
        10.231329491245619,
        -3.870663069259529,
        2.481751899323316,
        -1.9756492305322564
    ],
    "pi_15": [
        9.469059363493733,
        -5.342023375303456,
        2.0083247798706796,
        -1.7109545093712843
    ],
    "pi_16": [
        9.294019897713403,
        -8.061629316299836,
        1.543835069935391,
        -1.3272124937400644
    ],
    "pi_17": [
        9.85420964334085,
        -9.006296252840494,
        1.0512086020105391,
        -0.8740902398337045
    ],
    "pi_18": [
        10.439934149979933,
        -8.787050065663845,
        0.5291374893840758,
        -0.4259324305058923
    ],
    "pi_19": [
        10.530863727317966,
        -8.453118272419259,
        0.0024708372316661086,
        -0.0009369547744755009
    ],
    "u_00": [
        4.774304732437907e-12
    ],
    "u_01": [
        100.38735124008144
    ],
    "u_02": [
        24.851013120589457
    ],
    "u_03": [
        78.73721998615514
    ],
    "u_04": [
        -159.9999999999779
    ],
    "u_05": [
        -154.8827282478833
    ],
    "u_06": [
        -2.800868758808769e-11
    ],
    "u_07": [
        -1.970804082577449e-11
    ],
    "u_08": [
        37.89768368722842
    ],
    "u_09": [
        133.34780475784854
    ],
    "u_10": [
        5.673116955242487
    ],
    "u_11": [
        1.074608154197354e-11
    ],
    "u_12": [
        -63.53016680745921
    ],
    "u_13": [
        -92.24433582060188
    ],
    "u_14": [
        -53.7589265843675
    ],
    "u_15": [
        28.082169838046827
    ],
    "u_16": [
        79.56601356212013
    ],
    "u_17": [
        83.37923644389332
    ],
    "u_18": [
        55.67718863551194
    ],
    "u_19": [
        17.13630289042475
    ],
    "x_00": [
        3.545740251913862e-18,
        -1.860663407073954e-20,
        -1.6997201379396136e-16,
        -1.9539887763828158e-17
    ],
    "x_01": [
        0.00010357701428012942,
        -0.000453193770885244,
        0.01624157117171798,
        -0.058815234636084956
    ],
    "x_02": [
        0.1312080856636116,
        -0.1749264437080758,
        5.313335709685797,
        -7.20067154869867
    ],
    "x_03": [
        0.4354636742069821,
        -0.5441262537442022,
        6.815099009674883,
        -7.1556626506974474
    ],
    "x_04": [
        0.8694147419137215,
        -0.8406885142353192,
        10.561054659435458,
        -4.163204339818616
    ],
    "x_05": [
        1.187059162479551,
        -0.6397813279238402,
        2.1813324395667317,
        12.39657088836237
    ],
    "x_06": [
        1.1164446872672362,
        0.17123483168195475,
        -4.899781050327223,
        19.327325469567953
    ],
    "x_07": [
        0.8882120139836772,
        1.0770096756819318,
        -4.710729986431642,
        15.741022110425039
    ],
    "x_08": [
        0.620299963827804,
        1.6048500520130482,
        -6.4706564086548,
        3.4896931344844075
    ],
    "x_09": [
        0.3273621503610148,
        1.4636095667600837,
        -5.22080456177109,
        -9.90700866419891
    ],
    "x_10": [
        0.23946461815191158,
        0.8668579105971173,
        1.7194079219854814,
        -14.174581014416564
    ],
    "x_11": [
        0.34426276151983515,
        0.3433941823706549,
        2.4427557323811153,
        -7.028940489774974
    ],
    "x_12": [
        0.47855751436670413,
        0.16127462096696532,
        2.911739539422011,
        -0.3737143331343646
    ],
    "x_13": [
        0.5565818355045745,
        0.20018725138127522,
        0.19119914111102082,
        1.817374894163975
    ],
    "x_14": [
        0.4618985859120785,
        0.29020642700379307,
        -3.9986824821746665,
        1.6439567815540492
    ],
    "x_15": [
        0.19947951780777298,
        0.3309946884545361,
        -6.524407312579708,
        -0.048125851056354294
    ],
    "x_16": [
        -0.10094056169504073,
        0.2707207527868844,
        -5.516143982570057,
        -2.2399422218964045
    ],