{
    "lam_00": [
        4.51045649532108,
        1e-16,
        4190.541193751292,
        1e-16,
        706.5258631965347,
        0.05,
        0.05,
        2.694381161694043e-10,
        1274.0617245486558,
        1e-16,
        582.0025275020254,
        1e-16,
        0.03333338571799764,
        0.03333338571799764,
        0.0,
        0.03333322856400473
    ],
    "lam_01": [
        3.1752522033364144e-09,
        6.770391269226043e-09,
        0.09999999322960873,
        2.9442144120287065e-10,
        0.04243155411716384,
        0.01355696163311124,
        0.0,
        0.04401148424972493
    ],
    "lam_02": [
        2.6943811623505513e-10,
        3.408187630467957e-09,
        0.09999999659181237,
        3.3387972566759827,
        0.04031781504737033,
        0.008654038558756839,
        0.0,
        0.051028146393872834
    ],
    "lam_03": [
        2.694381161570003e-10,
        1.4131632670085355e-08,
        0.09999998586836734,
        4.832878872162709,
        0.028358618588140254,
        0.010745494970559787,
        0.0,
        0.060895886441299965
    ],
    "lam_04": [
        2.6943811634981507e-10,
        0.09999998819062259,
        1.1809377419024778e-08,
        2.3072336087559924,
        0.012833642258546475,
        0.008940500958419032,
        0.0,
        0.07822585678303451
    ],
    "lam_05": [
        4.63017285378063e-10,
        0.09999999567719896,
        4.3228010448331705e-09,
        6.44462451450419e-10,
        0.004628064254460518,
        0.006351392997696201,
        0.0,
        0.0890205427478433
    ],
    "lam_06": [
        0.08542836665991081,
        0.09999999570218353,
        4.297816473010055e-09,
        2.6943812848792004e-10,
        0.01537486548190153,
        0.001882552243336048,
        0.0,
        0.08274258227476243
    ],
    "lam_07": [
        5.766256655810625e-10,
        1.9408439938935778e-07,
        0.09999980591560062,
        5.057657134754334e-10,
        0.011233145115805903,
        0.001482675668275854,
        0.0,
        0.08728417921591825
    ],
    "lam_08": [
        5.294436704968409e-10,
        6.170936638804503e-08,
        0.09999993829063362,
        5.486509726144703e-10,
        0.008359558488217725,
        0.0013346020642044589,
        0.0,
        0.09030583944757782
    ],
    "lam_09": [
        5.643207734542602e-10,
        9.17369456517174e-08,
        0.09999990826305435,
        5.156268401534468e-10,
        0.001320897682907685,
        0.0008006615836605752,
        0.0,
        0.09787844073343174
    ],
    "pi_00": [
        -1274.0450579343737,
        2059.839113944053,
        -454.5980217085876,
        411.35513460644665
    ],
    "pi_01": [
        -1235.7007972058204,
        1235.6129501842652,
        -331.0202304590159,
        259.09556553510924
    ],
    "pi_02": [
        -1087.2227017386094,
        713.52689368312,
        -222.28362229594975,
        159.37209107783633
    ],
    "pi_03": [
        -835.3453924241192,
        364.7411269812801,
        -138.7426946270704,
        101.192932933572
    ],
    "pi_04": [
        -557.9590149034694,
        202.80570877241644,
        -82.94807855176775,
        68.04709100383491
    ],
    "pi_05": [
        -331.8587767103395,
        213.46046105712367,
        -49.771216920893345,
        43.28512039674874
    ],
    "pi_06": [
        -202.5154962393736,
        161.58957447747437,
        -29.530001098240536,
        24.263402578649774
    ],
    "pi_07": [
        -136.69107197258182,
        105.13877282753786,
        -15.863256546608431,
        12.813540462940262
    ],
    "pi_08": [
        -92.02032974567959,
        70.90075826794865,
        -6.663090541042634,
        5.351372536113584
    ],
    "pi_09": [
        -66.81876211359821,
        53.51334271376187,
        0.016758778384350376,
        -0.010381011181081262
    ],
    "sl_00": [
        4.3107941061319727e-07
    ],
    "sl_01": [
        2.1501777981462236e-07
    ],
    "sl_02": [
        4.5339648522092105e-06
    ],
    "sl_03": [
        5.754593718647462e-06
    ],
    "sl_04": [
        1.0962277752380563e-06
    ],
    "sl_05": [
        1.5151088058418654e-06
    ],
    "sl_06": [
        3.2697071688797114e-06
    ],
    "sl_07": [
        7.316058643536645e-05
    ],
    "sl_08": [
        7.625575391628467e-05
    ],
    "sl_09": [
        0.00014986519170325082
    ],
    "su_00": [
        6.466478825492354e-07
    ],
    "su_01": [
        6.467976404729953e-07
    ],
    "su_02": [
        3.929094124560848e-07
    ],
    "su_03": [
        4.2755453723928393e-07
    ],
    "su_04": [
        5.465355392692911e-07
    ],
    "su_05": [
        3.430786918500552e-07
    ],
    "su_06": [
        4.02406243626675e-07
    ],
    "su_07": [
        3.174608121659261e-07
    ],
    "su_08": [
        2.680530433391311e-07
    ],
    "su_09": [
        2.281246216411466e-07
    ],
    "u_00": [
        4.776810225112531e-09
    ],
    "u_01": [
        -3.51243363093829e-05
    ],
    "u_02": [
        -6.455438206516977e-09
    ],
    "u_03": [
        -4.460147066653157e-09
    ],
    "u_04": [
        -9.341604811693189e-09
    ],
    "u_05": [
        -0.00025459687561002605
    ],
    "u_06": [
        2.521422601343933e-07
    ],
    "u_07": [
        0.00015642840220331624
    ],
    "u_08": [
        -0.00032582930579296856
    ],
    "u_09": [
        0.00595784363325284
    ],
    "x_00": [
        0.0,
        0.0,
        0.0,
        0.0
    ],
    "x_01": [
        2.3321056467868456e-11,
        2.474475333621227e-11,
        4.709124039437787e-10,
        5.220436744272406e-10
    ],
    "x_02": [
        -1.7478470097251409e-07,
        -2.09145837478606e-07,
        -3.501338889246177e-06,
        -4.318425096253518e-06
    ],
    "x_03": [
        -5.217685926601146e-07,
        -6.824311555140065e-07,
        -3.4717123299582648e-06,
        -5.539053752905116e-06
    ],
    "x_04": [
        -8.806878571602485e-07,
        -1.4143793579582894e-06,
        -3.785007975091227e-06,
        -9.68083136873965e-06
    ],
    "x_05": [
        -1.2995690102149239e-06,
        -2.756302298038955e-06,
        -4.698668485404138e-06,
        -1.7870226965344885e-05
    ],
    "x_06": [
        -3.0541673811465245e-06,
        -6.324647611918137e-06,
        -3.0364252691466807e-05,
        -5.461584748839404e-05
    ],
    "x_07": [
        -6.124337541281236e-06,
        -1.2508933877263416e-05,
        -3.1614871604728576e-05,
        -7.294503649301702e-05
    ],
    "x_08": [
        -8.583542982773072e-06,
        -1.9875812150147154e-05,
        -1.768492876808199e-05,
        -7.604021289882773e-05
    ],
    "x_09": [
        -1.2089789898504135e-05,
        -3.103235644726335e-05,
        -5.263079562279729e-05,
        -0.00014964964811506768
    ],
    "x_10": [
        1.2279538415078966e-05,
        -1.088588678489349e-05,
        0.00054042664796579,
        0.0005575197998246168
    ]
}