{
    "lam_00": [
        4.506998737488625,
        1e-16,
        4189.311118281464,
        1e-16,
        706.3012255975943,
        0.05,
        0.05,
        1.882216037190847e-09,
        1273.936579925444,
        1e-16,
        581.8485813344975,
        1e-16,
        0.03333347390713399,
        0.03333347390713399,
        0.0,
        0.033333052185732036
    ],
    "lam_01": [
        2.218668958302463e-08,
        4.7358906517747854e-08,
        0.09999995264109349,
        2.056699281395856e-09,
        0.04321340541728743,
        0.011854270090727516,
        0.0,
        0.04493232449198505
    ],
    "lam_02": [
        1.8822137059952498e-09,
        2.382478531945136e-08,
        0.0999999761752147,
        3.335169356618901,
        0.022431466641409218,
        0.0004183962214824419,
        0.0,
        0.07715013713710835
    ],
    "lam_03": [
        1.8822161986125743e-09,
        9.900092053507524e-08,
        0.09999990099907947,
        4.8273164879266535,
        0.0055605365941430035,
        0.000246793038747228,
        0.0,
        0.09419267036710977
    ],
    "lam_04": [
        1.8822089589376414e-09,
        0.09999991729588344,
        8.270411656678444e-08,
        2.3034513896585356,
        0.0005377713431275043,
        0.00016205527830318858,
        0.0,
        0.0993001733785693
    ],
    "lam_05": [
        3.229791851487278e-09,
        0.0999999697714512,
        3.022854880691262e-08,
        4.5113268199227424e-09,
        6.650860820763053e-05,
        9.59938487057082e-05,
        0.0,
        0.09983749754308667
    ],
    "lam_06": [
        0.08161194902032459,
        0.09999996999243249,
        3.000756750921607e-08,
        1.8821128311968417e-09,
        0.00015890785839741024,
        8.276789786016372e-06,
        0.0,
        0.09983281535181658
    ],
    "lam_07": [
        4.078310819508239e-09,
        1.4968382685967916e-06,
        0.09999850316173141,
        3.4956024010062877e-09,
        6.516847683465412e-05,
        6.80002695649202e-06,
        0.0,
        0.09992803149620887
    ],
    "lam_08": [
        3.637812741162093e-09,
        3.830309252813185e-07,
        0.09999961696907472,
        3.900461261841088e-09,
        2.836317640867403e-06,
        0.09999430882240766,
        0.0,
        2.8548599514749895e-06
    ],
    "lam_09": [
        3.97002941655255e-09,
        7.688276046816124e-07,
        0.09999923117239533,
        3.5777687981495636e-09,
        0.09990792365500088,
        1.2169806100384615e-05,
        0.0,
        7.990653889873773e-05
    ],
    "pi_00": [
        -1273.9199133993511,
        2059.2656458152524,
        -454.45658999456197,
        411.21750789891104
    ],
    "pi_01": [
        -1235.5764345094528,
        1235.2990973182875,
        -330.8912350146327,
        259.00126071557224
    ],
    "pi_02": [
        -1087.0787413451758,
        713.4160324287039,
        -222.16902254820963,
        159.30861786109875
    ],
    "pi_03": [
        -835.173526581546,
        364.81713488100246,
        -138.64528112383962,
        101.14215381158652
    ],
    "pi_04": [
        -557.7662339077596,
        203.0767485815072,
        -82.86994277772959,
        67.9870526277232
    ],
    "pi_05": [
        -331.64871625016815,
        213.51867774830419,
        -49.714086733157416,
        43.21968084557737
    ],
    "pi_06": [
        -202.34911912798992,
        161.28522556507156,
        -29.489523463574734,
        24.213487298751073
    ],
    "pi_07": [
        -136.72126270762018,
        104.24240737349322,
        -15.819774861869842,
        12.838369973399152
    ],
    "pi_08": [
        -91.89163298964613,
        70.38979404032168,
        -6.632391739479524,
        5.33570004667276
    ],
    "pi_09": [
        -66.51236811670763,
        53.36563182976187,
        0.0167565228709181,
        -0.010426469361232147
    ],
    "sl_00": [
        3.1214684709591478e-06
    ],
    "sl_01": [
        1.5673030758250504e-06
    ],
    "sl_02": [
        0.0003627070541857905
    ],
    "sl_03": [
        0.0004666727506360765
    ],
    "sl_04": [
        7.492593835297446e-05
    ],
    "sl_05": [
        0.00010961245049824864
    ],
    "sl_06": [
        0.0007935790748828744
    ],
    "sl_07": [
        0.02247146305106069
    ],
    "sl_08": [
        -0.051613280006194265
    ],
    "sl_09": [
        0.010469417812897038
    ],
    "su_00": [
        4.652430068170775e-06
    ],
    "su_01": [
        4.654951883188238e-06
    ],
    "su_02": [
        2.3619599273312674e-08
    ],
    "su_03": [
        1.5450478077940628e-06
    ],
    "su_04": [
        3.350381279134374e-06
    ],
    "su_05": [
        3.726296807071008e-06
    ],
    "su_06": [
        1.8043472780898486e-06
    ],
    "su_07": [
        1.7151661574616754e-06
    ],
    "su_08": [
        0.051616455253727364
    ],
    "su_09": [
        0.0017675173084070789
    ],
    "u_00": [
        3.3390167307868134e-08
    ],
    "u_01": [
        -0.0029371181699321272
    ],
    "u_02": [
        -4.515731252053542e-08
    ],
    "u_03": [
        -3.117714031109974e-08
    ],
    "u_04": [
        -6.5449658701708e-08
    ],
    "u_05": [
        -0.12824251340963475
    ],
    "u_06": [
        1.924857567303093e-06
    ],
    "u_07": [
        0.6116132821891772
    ],
    "u_08": [
        -0.5075348199381118
    ],
    "u_09": [
        -0.036374683102724965
    ],
    "x_00": [
        0.0,
        0.0,
        0.0,
        0.0
    ],
    "x_01": [
        1.6301544503097874e-10,
        1.729668045043507e-10,
        3.291697504737414e-09,
        3.6491114578130105e-09
    ],
    "x_02": [
        -1.4621130642015668e-05,
        -1.750402388247082e-05,
        -0.0002927108564931292,
        -0.00036113615390668077
    ],
    "x_03": [
        -4.357698182821916e-05,
        -5.713937953024755e-05,
        -0.00028905686054188346,
        -0.00046510211363263185
    ],
    "x_04": [
        -7.33549917758283e-05,
        -0.00011890852707233896,
        -0.00031283229713855874,
        -0.0008210763918095877
    ],
    "x_05": [
        -0.00010804153676006832,
        -0.00023429057243396252,
        -0.000394089634076533,
        -0.0015658350272158316
    ],
    "x_06": [
        -0.00079200819802232,
        -0.0012217827840365725,
        -0.01327466584786784,
        -0.018417022709672222
    ],
    "x_07": [
        -0.0021296551018973927,
        -0.0032228397304984095,
        -0.01360468058284777,
        -0.02246989714467092
    ],
    "x_08": [
        -0.0004332741107183219,
        -0.0017340726341582616,
        0.047346620866332505,
        0.05161485024966965
    ],
    "x_09": [
        0.001765823878012455,
        0.00028758310096235523,
        -0.0032681372276723575,
        -0.010467844441212463
    ],
    "x_10": [
        0.0012539597414935062,
        -0.0009983518087308323,
        -0.006972326118119586,
        -0.015500571876342552
    ]
}