{
    "lam_00": [
        4.510443270313907,
        1e-16,
        4190.538144201462,
        1e-16,
        706.5253942850737,
        0.05,
        0.05,
        2.674054255309203e-10,
        1274.0613228164038,
        1e-16,
        582.0022873477768,
        1e-16,
        0.03333338591044812,
        0.03333338591044812,
        0.0,
        0.03333322817910377
    ],
    "lam_01": [
        3.1512962084896653e-09,
        6.71931423046837e-09,
        0.09999999328068578,
        2.922002830268709e-10,
        0.04243463722959531,
        0.013550261511787417,
        0.0,
        0.044015101258617274
    ],
    "lam_02": [
        2.674054255957361e-10,
        3.382475824110048e-09,
        0.09999999661752418,
        3.3387917305207946,
        0.040313015544774136,
        0.008711735713426434,
        0.0,
        0.05097524874179943
    ],
    "lam_03": [
        2.6740542551867347e-10,
        1.4025024899509605e-08,
        0.09999998597497511,
        4.832873406083069,
        0.02841552246295382,
        0.010842260135410745,
        0.0,
        0.06074221740163545
    ],
    "lam_04": [
        2.674054257090342e-10,
        0.09999998827971912,
        1.1720280884487055e-08,
        2.3072305407356066,
        0.012922731361266596,
        0.009037957384711911,
        0.0,
        0.0780393112540215
    ],
    "lam_05": [
        4.595252177163861e-10,
        0.09999999570981209,
        4.290187910271303e-09,
        6.395985327282245e-10,
        0.004627184620536819,
        0.006428089629469258,
        0.0,
        0.08894472574999393
    ],
    "lam_06": [
        0.08542949742269129,
        0.0999999957345981,
        4.265401900073003e-09,
        2.6740543768782873e-10,
        0.015601646401269851,
        0.00192423481561433,
        0.0,
        0.08247411878311582
    ],
    "lam_07": [
        5.722690935286417e-10,
        1.9260079112156752e-07,
        0.09999980739920888,
        5.019550495712386e-10,
        0.011451758328018213,
        0.0015152618470065308,
        0.0,
        0.08703297982497527
    ],
    "lam_08": [
        5.254549391428847e-10,
        6.125046261483652e-08,
        0.09999993874953739,
        5.445059546444022e-10,
        0.008378741775727188,
        0.0012952982887335573,
        0.0,
        0.09032595993553927
    ],
    "lam_09": [
        5.600625527896706e-10,
        9.103910845115891e-08,
        0.09999990896089156,
        5.117375933086078e-10,
        0.0013069212160994482,
        0.0007981644188059238,
        0.0,
        0.09789491436509463
    ],
    "pi_00": [
        -1274.0446562023144,
        2059.837369393708,
        -454.597821727545,
        411.3548979456626
    ],
    "pi_01": [
        -1235.7003985568897,
        1235.611577671955,
        -331.02007034286646,
        259.0954861778194
    ],
    "pi_02": [
        -1087.2223009643492,
        713.5257005963069,
        -222.28350225776134,
        159.3720820673569
    ],
    "pi_03": [
        -835.3450565308502,
        364.7401107942749,
        -138.74260817873923,
        101.19293528115494
    ],
    "pi_04": [
        -557.9587815554387,
        202.80487032345258,
        -82.94801543881792,
        68.04708622153615
    ],
    "pi_05": [
        -331.8585623373043,
        213.4598300279412,
        -49.771175245964706,
        43.285110386176925
    ],
    "pi_06": [
        -202.51543128587264,
        161.5891868172283,
        -29.529965898419213,
        24.263399498562844
    ],
    "pi_07": [
        -136.69094531974835,
        105.13887166287182,
        -15.863233991593642,
        12.813503696789873
    ],
    "pi_08": [
        -92.02015516248714,
        70.90086148522141,
        -6.663085507541411,
        5.351363210209144
    ],
    "pi_09": [
        -66.81871112877052,
        53.51327730619854,
        0.016758735651145586,
        -0.010381077986732032
    ],
    "sl_00": [
        4.2782714368630193e-07
    ],
    "sl_01": [
        2.1339558169169695e-07
    ],
    "sl_02": [
        4.469581224085051e-06
    ],
    "sl_03": [
        5.6724756654438085e-06
    ],
    "sl_04": [
        1.0818035950613002e-06
    ],
    "sl_05": [
        1.494598353122114e-06
    ],
    "sl_06": [
        3.201194722323514e-06
    ],
    "sl_07": [
        7.142887017586352e-05
    ],
    "sl_08": [
        7.852407530612753e-05
    ],
    "sl_09": [
        0.00015003493347100056
    ],
    "su_00": [
        6.41769431370987e-07
    ],
    "su_01": [
        6.419180914258723e-07
    ],
    "su_02": [
        3.9075379954054757e-07
    ],
    "su_03": [
        4.2496633539138017e-07
    ],
    "su_04": [
        5.430028822323016e-07
    ],
    "su_05": [
        3.408515264209645e-07
    ],
    "su_06": [
        4.0001626839771015e-07
    ],
    "su_07": [
        3.1598945531204444e-07
    ],
    "su_08": [
        2.657014121557111e-07
    ],
    "su_09": [
        2.2620707503062997e-07
    ],
    "u_00": [
        4.740776206732781e-09
    ],
    "u_01": [
        -3.461392810777359e-05
    ],
    "u_02": [
        -6.406739553403317e-09
    ],
    "u_03": [
        -4.426495614985467e-09
    ],
    "u_04": [
        -9.271123408057223e-09
    ],
    "u_05": [
        -0.00024637841840939617
    ],
    "u_06": [
        2.50235890837609e-07
    ],
    "u_07": [
        0.00012080718205956443
    ],
    "u_08": [
        -0.00031069756252501406
    ],
    "u_09": [
        0.005964074715349264
    ],
    "x_00": [
        0.0,
        0.0,
        0.0,
        0.0
    ],
    "x_01": [
        2.3145133343901665e-11,
        2.45580354176784e-11,
        4.673596240039387e-10,
        5.181056248773277e-10
    ],
    "x_02": [
        -1.7224432542994607e-07,
        -2.061060620422131e-07,
        -3.450455953149065e-06,
        -4.255667602482595e-06
    ],
    "x_03": [
        -5.141859245277048e-07,
        -6.725135920206162e-07,
        -3.4212643562968423e-06,
        -5.458561838918494e-06
    ],
    "x_04": [
        -8.678898147902194e-07,
        -1.3938253475692492e-06,
        -3.7300101181545966e-06,
        -9.540152447952735e-06
    ],
    "x_05": [
        -1.2806846926655898e-06,
        -2.7162480154356034e-06,
        -4.630399653423947e-06,
        -1.7610545046363094e-05
    ],
    "x_06": [
        -2.9872810696391804e-06,
        -6.205696495986557e-06,
        -2.9471499175941782e-05,
        -5.3265168963385e-05
    ],
    "x_07": [
        -5.967484579371872e-06,
        -1.224027291332953e-05,
        -3.0695988430821204e-05,
        -7.121494646852054e-05
    ],
    "x_08": [
        -8.511031346194929e-06,
        -1.963347499583659e-05,
        -2.0292643982275998e-05,
        -7.831016044652736e-05
    ],
    "x_09": [
        -1.2201681618311002e-05,
        -3.091087591274874e-05,
        -5.371231699818679e-05,
        -0.00014982101605792857
    ],
    "x_10": [
        1.2091248024963093e-05,
        -1.0734274106669297e-05,
        0.0005399807349238618,
        0.000558300812518106
    ]
}