{
    "lam_00": [
        4.568334737948117,
        1e-16,
        4213.006436167339,
        1e-16,
        710.6650006294217,
        0.05000000000003455,
        0.05000000000003455,
        2.825872238454638e-15,
        1277.0170680632132,
        1e-16,
        584.9424941981359,
        1e-16,
        0.033333334602094616,
        0.033333334602094616,
        0.0,
        0.03333333079591459
    ],
    "lam_01": [
        3.326510874986474e-14,
        7.101254158618778e-14,
        0.09999999999996442,
        3.088504468529111e-15,
        0.03411326550212848,
        0.03163183062203925,
        0.0,
        0.03425490387593609
    ],
    "lam_02": [
        2.825894842819237e-15,
        3.57526255943297e-14,
        0.09999999999999917,
        3.379225810394285,
        4.6149282019545407e-10,
        1.93543680431299e-11,
        0.0,
        0.09999999951925664
    ],
    "lam_03": [
        2.8258724225023242e-15,
        1.4836670680189145e-13,
        0.09999999999988818,
        4.888774277465719,
        3.258587699531742e-10,
        1.4349301225520853e-11,
        0.0,
        0.09999999965989576
    ],
    "lam_04": [
        2.8259515150309547e-15,
        0.09999999999991234,
        1.2382054253065488e-13,
        2.3355595188738927,
        1.0195572023360272e-10,
        8.626112267179679e-12,
        0.0,
        0.099999999889522
    ],
    "lam_05": [
        4.852150044135774e-15,
        0.09999999999998974,
        4.53244262625367e-14,
        6.768986212577187e-15,
        6.637907161189142e-11,
        4.55660718456653e-12,
        0.0,
        0.09999999992916815
    ],
    "lam_06": [
        0.08349098699342274,
        0.09999999999999008,
        4.500121081154686e-14,
        2.8260114740448362e-15,
        1.1583255735958927e-12,
        0.09999999999782587,
        0.0,
        1.1196484561670458e-12
    ],
    "lam_07": [
        6.094399781575187e-15,
        2.328514118480273e-12,
        0.09999999999771436,
        5.278657463891573e-15,
        1.1016257429132702e-12,
        0.09999999999803771,
        0.0,
        9.644841677413127e-13
    ],
    "lam_08": [
        5.570965476729488e-15,
        6.141216727926818e-13,
        0.09999999999943125,
        5.737580916429675e-15,
        0.09999999997806377,
        3.961279769975102e-13,
        0.0,
        2.1643920542543243e-11
    ],
    "lam_09": [
        5.7857925486525514e-15,
        8.388555984313996e-13,
        0.09999999999920155,
        5.540795423771544e-15,
        1.0618282811572323e-12,
        0.0999999999978792,
        0.0,
        1.1628034152832558e-12
    ],
    "pi_00": [
        -1277.0004013978153,
        2070.191921368045,
        -457.24245405835404,
        413.911458664654
    ],
    "pi_01": [
        -1238.6478223827526,
        1242.1242005061608,
        -333.3699602910882,
        260.8115782116151
    ],
    "pi_02": [
        -1090.1355661954858,
        717.3121013929484,
        -224.34206691525824,
        160.57021380134407
    ],
    "pi_03": [
        -838.2482636197834,
        365.76641516817915,
        -140.5108533470599,
        102.17235970895318
    ],
    "pi_04": [
        -560.8800141136328,
        201.75684620829793,
        -84.42413867688413,
        69.05714414578745
    ],
    "pi_05": [
        -334.82079679906917,
        215.00247830972194,
        -50.95107669356206,
        44.2181595809442
    ],
    "pi_06": [
        -205.5360995194835,
        162.75594422519768,
        -30.407804443666663,
        24.987914486218667
    ],
    "pi_07": [
        -139.8147859627809,
        107.80256347493867,
        -16.428692790215486,
        13.249223793129094
    ],
    "pi_08": [
        -95.17879400668636,
        72.15845760400008,
        -6.912642166812734,
        5.612458681414863
    ],
    "pi_09": [
        -69.3293965025176,
        55.08240880926084,
        0.01835057132473885,
        -0.008346108211437237
    ],
    "sl_00": [
        3.879717022061064e-12
    ],
    "sl_01": [
        1.9359880888457435e-12
    ],
    "sl_02": [
        0.01126692208655471
    ],
    "sl_03": [
        0.014578750550319122
    ],
    "sl_04": [
        0.002280043237104175
    ],
    "sl_05": [
        0.0033514237480752472
    ],
    "sl_06": [
        -0.007019770709607848
    ],
    "sl_07": [
        -0.2347984324484479
    ],
    "sl_08": [
        0.3562298669871146
    ],
    "sl_09": [
        -0.18402247763735965
    ],
    "su_00": [
        6.703068798837605e-12
    ],
    "su_01": [
        6.702657249245457e-12
    ],
    "su_02": [
        2.1945726704784288e-12
    ],
    "su_03": [
        -3.615021125938996e-14
    ],
    "su_04": [
        1.91688034862115e-12
    ],
    "su_05": [
        1.9595876439425935e-12
    ],
    "su_06": [
        0.20211090265647003
    ],
    "su_07": [
        0.23479843245259938
    ],
    "su_08": [
        0.010943794595764132
    ],
    "su_09": [
        0.18402247764190935
    ],
    "u_00": [
        4.319363712212348e-14
    ],
    "u_01": [
        -0.09164384186414762
    ],
    "u_02": [
        -6.241113605469311e-14
    ],
    "u_03": [
        -4.07186326251943e-14
    ],
    "u_04": [
        -8.595352865664163e-14
    ],
    "u_05": [
        2.376010986397215
    ],
    "u_06": [
        2.2889076426426877e-12
    ],
    "u_07": [
        -8.30251342761005
    ],
    "u_08": [
        6.283901888950806
    ],
    "u_09": [
        0.7184594763444153
    ],
    "x_00": [
        0.0,
        0.0,
        0.0,
        0.0
    ],
    "x_01": [
        2.3693765314943713e-16,
        1.6644051323111067e-16,
        4.223918815488427e-15,
        4.6825531956994015e-15
    ],
    "x_02": [
        -0.00045622286421858173,
        -0.0005464609901201428,
        -0.009129388589439976,
        -0.011266922084612467
    ],
    "x_03": [
        -0.0013574634050975613,
        -0.0017850939228322051,
        -0.008972464719914914,
        -0.014578750548380159
    ],
    "x_04": [
        -0.00228004323516463,
        -0.003728054589903675,
        -0.009669570072382394,
        -0.02590009077045642
    ],
    "x_05": [
        -0.003351423746131996,
        -0.007390691245790364,
        -0.012220425514963792,
        -0.05011778473581003
    ],
    "x_06": [
        0.007019770711550275,
        -0.0006349598887509846,
        0.22237439341747126,
        0.20211090265419876
    ],
    "x_07": [
        0.029067761568116343,
        0.020359580871190153,
        0.2193153104407834,
        0.2347984324503322
    ],
    "x_08": [
        0.010943794593567702,
        0.0048124144868183175,
        -0.5866256255605166,
        -0.5719272761718942
    ],
    "x_09": [
        -0.016724592409274045,
        -0.014919789117534846,
        0.03619997068902782,
        0.18402247763960453
    ],
    "x_10": [
        -0.009549932065090047,
        0.007419096233000015,
        0.10765093397333712,
        0.26779879136254936
    ]
}