{
    "lam_00": [
        3.354525664587705e-13,
        735.6439095692505,
        1628.8910721502164,
        174.6168520799851,
        326.4741021878676,
        3.3552235952516965e-13,
        2.480923974648953,
        71.78995160657685,
        243.13070750846344,
        0.17019329635751368,
        90.8774463781039,
        2.480923974648953
    ],
    "lam_01": [
        3.3450296880656225e-13,
        3.345720751542343e-13,
        1.3788260630268323,
        1.3788260630268323
    ],
    "lam_02": [
        5.69781808868618e-13,
        5.69781808868618e-13,
        8.583682165401927e-13,
        8.583682165401927e-13
    ],
    "lam_03": [
        0.8280972763442405,
        0.8280972763442405,
        3.341728801199568e-13,
        3.3424160640129844e-13
    ],
    "lam_04": [
        0.8319615249671495,
        0.8319615249671495,
        3.3415436224595926e-13,
        3.3422308246572137e-13
    ],
    "lam_05": [
        0.5080437208420345,
        0.5080437208420345,
        3.339883904015793e-13,
        3.3405689569996593e-13
    ],
    "lam_06": [
        0.18056287536955104,
        0.18056287536955104,
        3.3209619206576313e-13,
        3.3216385088706787e-13
    ],
    "lam_07": [
        2.3284939079353385e-11,
        2.3284939079353385e-11,
        9.310186659747142e-14,
        9.310186659747142e-14
    ],
    "lam_08": [
        1.01806468323452e-14,
        1.0130961295792472e-14,
        0.012413311596740412,
        0.012413311596740412
    ],
    "lam_09": [
        1.2477455315999825e-13,
        1.2477455315999825e-13,
        1.886564949155371e-08,
        1.886564949155371e-08
    ],
    "lam_10": [
        3.0549288009162385e-12,
        3.0549288009162385e-12,
        3.8518906161541047e-13,
        3.8518906161541047e-13
    ],
    "lam_11": [
        1.7816512655826942e-12,
        1.7816512655826942e-12,
        2.753293501714637e-13,
        2.753293501714637e-13
    ],
    "lam_12": [
        6.422656899887459e-13,
        6.422656899887459e-13,
        6.929697655816883e-13,
        6.929697655816883e-13
    ],
    "lam_13": [
        5.011467358229865e-13,
        5.011467358229865e-13,
        8.852059774561954e-13,
        8.852059774561954e-13
    ],
    "lam_14": [
        5.574391401374989e-13,
        5.574391401374989e-13,
        8.170148607156506e-13,
        8.170148607156506e-13
    ],
    "lam_15": [
        6.326597202298224e-13,
        6.326597202298224e-13,
        7.214653720722349e-13,
        7.214653720722349e-13
    ],
    "lam_16": [
        6.747210453822699e-13,
        6.747210453822699e-13,
        6.758215919819149e-13,
        6.758215919819149e-13
    ],
    "lam_17": [
        6.847976330523746e-13,
        6.847976330523746e-13,
        6.657443906893795e-13,
        6.657443906893795e-13
    ],
    "lam_18": [
        6.821852417767819e-13,
        6.821852417767819e-13,
        6.683327993123316e-13,
        6.683327993123316e-13
    ],
    "lam_19": [
        6.789905149264354e-13,
        6.789905149264354e-13,
        6.71504802465695e-13,
        6.71504802465695e-13
    ],
    "pi_00": [
        663.8539579626894,
        1249.518015986647,
        141.25396088549311,
        178.0423718578671
    ],
    "pi_01": [
        653.8591056190584,
        1261.3352421547197,
        108.55701173660945,
        124.17301588732458
    ],
    "pi_02": [
        614.0845344343248,
        1068.6311612102375,
        77.84490749787415,
        72.19237903424052
    ],
    "pi_03": [
        534.0410093815834,
        639.9907682458025,
        51.13464857146746,
        33.467053712807115
    ],
    "pi_04": [
        422.8439012580021,
        361.75207218792195,
        29.988164658241516,
        11.531521125500497
    ],
    "pi_05": [
        299.6945550862644,
        184.42580183230677,
        15.002933932305718,
        0.7337113207738849
    ],
    "pi_06": [
        183.46221366364924,
        71.17669726403211,
        5.833101907465176,
        -3.0961583090153364
    ],
    "pi_07": [
        93.28528810843821,
        -4.191431450895437,
        1.1760100264643405,
        -2.820221662985894
    ],
    "pi_08": [
        41.7815662567871,
        -38.79968720532186,
        -0.9047783565055141,
        -0.8569685682540524
    ],
    "pi_09": [
        21.893843746126816,
        -37.0378543677493,
        -1.9951386937346747,
        0.9890812458955845
    ],
    "pi_10": [
        15.155512468143655,
        -23.938254938571994,
        -2.751983995415244,
        2.1520018693521195
    ],
    "pi_11": [
        10.371208976668584,
        -12.071552109787815,
        -3.27069331969086,
        2.716400389834671
    ],
    "pi_12": [
        4.878961544778355,
        -4.249308229030121,
        -3.514775979767985,
        2.886337647505893
    ],
    "pi_13": [
        -0.7220977804616505,
        0.6761001874248599,
        -3.478580218077419,
        2.8093988017912905
    ],
    "pi_14": [
        -5.561778542421701,
        4.139911438235125,
        -3.2002777283102666,
        2.5618596467375636
    ],
    "pi_15": [
        -9.29380680136859,
        6.840833748198163,
        -2.7353579663421868,
        2.1843081455130258
    ],
    "pi_16": [
        -11.943449970918618,
        8.950520241158426,
        -2.137982005550621,
        1.7080539588631845
    ],
    "pi_17": [
        -13.641941461683636,
        10.457060806550121,
        -1.455708009103948,
        1.1644433063111497
    ],
    "pi_18": [
        -14.49384999439147,
        11.333454545858219,
        -0.7308538791842628,
        0.5856782613949344
    ],
    "pi_19": [
        -14.550932596651089,
        11.569631638211206,
        -0.003151030485234828,
        0.003979274364107685
    ],
    "u_00": [
        -1.0362990995790291e-10
    ],
    "u_01": [
        -2.8804710485862313e-10
    ],
    "u_02": [
        2.4891616708975963e-05
    ],
    "u_03": [
        5.900625485726237e-10
    ],
    "u_04": [
        6.317008045667906e-10
    ],
    "u_05": [
        1.1773694469992442e-09
    ],
    "u_06": [
        4.319853149454753e-09
    ],
    "u_07": [
        -0.000847146526848648
    ],
    "u_08": [
        -1.1536304077401638e-05
    ],
    "u_09": [
        0.004913500577402655
    ],
    "u_10": [
        -0.005853101958660581
    ],
    "u_11": [
        -0.0001399449215479208
    ],
    "u_12": [
        0.002393065235603558
    ],
    "u_13": [
        0.0005372165057039935
    ],
    "u_14": [
        -0.0005857819312523583
    ],
    "u_15": [
        -0.0004925424692905483
    ],
    "u_16": [
        -0.00012578279824011955
    ],
    "u_17": [
        5.4260519181801756e-05
    ],
    "u_18": [
        6.570993621563139e-05
    ],
    "u_19": [
        2.6477494364224583e-05
    ],
    "x_00": [
        -1.5602524010954417e-13,
        6.775917611662261e-13,
        -3.7664432974485377e-13,
        -4.1621811318116964e-13
    ],
    "x_01": [
        -3.019239652771687e-13,
        8.029299378297882e-13,
        -5.426684638509322e-12,
        5.285334977185626e-12
    ],
    "x_02": [
        -9.172090418463108e-13,
        1.4431484227710078e-12,
        -1.8912706254370847e-11,
        1.9213768830762855e-11
    ],
    "x_03": [
        2.949070317495057e-08,
        -2.920575263887225e-08,
        1.1600508322528856e-06,
        -1.07343740456463e-06
    ],
    "x_04": [
        8.619270245920294e-08,
        -8.70703224838914e-08,
        1.1091662680024102e-06,
        -1.2944229958810976e-06
    ],
    "x_05": [
        1.402271468951198e-07,
        -1.6442269402327055e-07,
        1.0467574597146847e-06,
        -1.8687639041026834e-06
    ],
    "x_06": [
        1.8987298393326642e-07,
        -2.82087296243593e-07,
        9.232932771902472e-07,
        -2.939278337919885e-06
    ],
    "x_07": [
        2.3046788581480845e-07,
        -4.7019887308680203e-07,
        6.789315787807327e-07,
        -4.709687453336537e-06
    ],