{
    "lam_00": [
        10.758617956236996,
        10.412909254763898,
        10.149362150504569,
        10.197409464914116,
        11.09224912254919,
        9.793981459766966,
        10.432537122627966,
        10.424646331063943,
        10.395033117600292,
        10.5569546368645,
        9.352863974048098,
        9.630707627067599,
        9.867858551000394,
        9.822887598209057,
        9.114650630161034,
        10.228561417508553,
        9.613927794300402,
        9.620662982617947,
        9.646113273006964,
        9.510542697676568
    ],
    "pi_00": [
        -0.05684723891483707,
        -0.5923061145058398,
        -0.6265226047774092,
        -0.42949448119407413,
        -0.35741703084509274,
        1.545252363070799,
        -0.9307972588952783,
        0.5387782960828321,
        0.39834017566362195,
        -1.0059441924330177
    ],
    "pi_01": [
        -0.7567193234235643,
        0.6351000229902899,
        0.22320294009934835,
        -0.5785206301808493,
        0.6506262831607424,
        -0.8331231349704182,
        1.1625967791607492,
        -0.25901366885021465,
        -0.4966821829401,
        -0.3526334312254525
    ],
    "pi_02": [
        0.35134671617363983,
        -0.4096310771122425,
        -0.10073958874769862,
        -0.21268389629094572,
        -0.25918258352241547,
        0.692779087117277,
        -1.0676938309577177,
        -0.5945299530289253,
        0.18735463828489735,
        0.3088716961333343
    ],
    "pi_03": [
        -0.08189504784387613,
        -0.15161023161644888,
        0.44624019331745246,
        0.24863983930408884,
        0.12149410850102446,
        -0.49987066386529905,
        0.6395671173370003,
        0.39063835090271276,
        -0.08574461373215779,
        -0.23477928796699968
    ],
    "pi_04": [
        0.14439065060895587,
        -0.017341300650245972,
        -0.3868994035574462,
        -0.11403804249722331,
        -0.10886800905668956,
        0.3288220770692255,
        -0.48896750122396593,
        0.023617137202035753,
        -0.08454471110405175,
        0.18794890942026066
    ],
    "pi_05": [
        -0.09486230035490949,
        0.06956518267572959,
        0.22839620258877202,
        0.0592454428881528,
        0.13545938075645256,
        -0.230766042583906,
        0.45628570610060004,
        0.1628957538538871,
        -0.006070066364326547,
        -0.12506882430580435
    ],
    "pi_06": [
        0.04991567385326995,
        -0.016199091519578847,
        -0.2090770584739674,
        -0.11651400920481948,
        -0.07564153003423663,
        0.2663156765458572,
        -0.3223983316103212,
        -0.09543066607299684,
        0.005954102227755433,
        0.09297620860810557
    ],
    "pi_07": [
        -0.0687364746480713,
        0.030734078894709468,
        0.16983770880926954,
        0.034512434260706784,
        0.07746328507603666,
        -0.16357776309502217,
        0.26923994621278224,
        0.045584475980114385,
        0.0005490419301802207,
        -0.08587910392265079
    ],
    "pi_08": [
        0.04605084684458321,
        -0.031806749904517574,
        -0.11929517057192418,
        -0.05132929610199307,
        -0.057885343072554746,
        0.14761475734540866,
        -0.21814586439101952,
        -0.06511216403310549,
        0.0034243054096783354,
        0.06595569790027692
    ],
    "pi_09": [
        -0.03368476924127273,
        0.01265946798559751,
        0.1043296831108731,
        0.03861295415350298,
        0.04421280966368918,
        -0.114331036999977,
        0.1681758057143108,
        0.04907255758030725,
        -0.0041719763116334265,
        -0.05214630268589886
    ],
    "pi_10": [
        0.029546750541674067,
        -0.014534872516282325,
        -0.08227815856506572,
        -0.029149170080307273,
        -0.034898335387857755,
        0.0898913290939947,
        -0.13252948515525725,
        -0.030162998695682723,
        -0.0008880420528516566,
        0.04264478562921149
    ],
    "pi_11": [
        -0.022421284815336263,
        0.012390632045589815,
        0.06305659491507415,
        0.021866005150157294,
        0.02871612494275316,
        -0.06888792677913036,
        0.10646469732727759,
        0.03034585105036471,
        -0.0013418536172634943,
        -0.03337238018302983
    ],
    "pi_12": [
        0.016348215883175622,
        -0.008323374389315338,
        -0.0508613052045566,
        -0.01972398996731828,
        -0.021150615139140287,
        0.056674361662160395,
        -0.0817200693419065,
        -0.022616135352710596,
        0.0006391749587626983,
        0.026289324260088714
    ],
    "pi_13": [
        -0.01333516303181602,
        0.007313778425976797,
        0.04006825568925537,
        0.01320783643825476,
        0.01695100084381125,
        -0.04215097161754682,
        0.06378340245939511,
        0.016804030149677303,
        -0.00014679252207252212,
        -0.02132093362827577
    ],
    "pi_14": [
        0.009539903140639064,
        -0.0063853229317214,
        -0.030755691910502213,
        -0.011077822957785295,
        -0.01272212928577339,
        0.0328564187112077,
        -0.04879620178622112,
        -0.014233477174654558,
        2.1177976899909525e-05,
        0.01684169813644948
    ],
    "pi_15": [
        -0.006500531595377524,
        0.0042025995984668356,
        0.02407047275610162,
        0.007980384027651213,
        0.00920371397549095,
        -0.024280271886802603,
        0.035730994399218105,
        0.01139699832028493,
        -0.0003343526193516294,
        -0.013059219039517117
    ],
    "pi_16": [
        0.004627850730164466,
        -0.00354727202063102,
        -0.017980230638291912,
        -0.005880360836175037,
        -0.0062203903170664305,
        0.017191227441534375,
        -0.02482867051215998,
        -0.007675492441035177,
        -0.0006712610028222511,
        0.010718647399473317
    ],
    "pi_17": [
        -0.0022485157501636265,
        0.002712766350751532,
        0.012816868587864693,
        0.003882882604276384,
        0.0042174120297112675,
        -0.010197211727289771,
        0.016267481295370353,
        0.0070744949652571465,
        0.0006884271066736336,
        -0.008220144462493521
    ],
    "pi_18": [
        0.00028866659467229326,
        0.0013930623587231567,
        -0.008798536597550281,
        -0.0033042405376771966,
        -0.0018205287329648653,
        0.006471108218606867,
        -0.006918543197727164,
        -0.0050531758906444575,
        0.00037933608892168585,
        0.003837101746865216
    ],
    "pi_19": [
        -0.0003493847616613184,
        -0.0025755421609224686,
        0.004598976366675214,
        -0.0004513388784316703,
        0.0008996114217315531,
        -0.0021234598370528063,
        0.0003243365967077191,
        0.0007862405562937987,
        0.000313231016866003,
        -0.0017285793061445466
    ],
    "u_00": [
        2.781475621523163e-12,
        1.854384975788362e-12
    ],
    "u_01": [
        -3.806315187354376e-12,
        7.630701117907011e-14
    ],
    "u_02": [
        2.1200633445789176e-12,
        1.3360705686200685e-12
    ],
    "u_03": [
        -8.772539257653278e-13,
        -1.8688759409110894e-12
    ],
    "u_04": [
        6.624025321514521e-13,
        2.461210637963278e-12
    ],
    "u_05": [
        -7.37616359220664e-13,
        -5.796495223167456e-13
    ],
    "u_06": [
        3.284039351087375e-13,
        8.509984573577475e-13
    ],
    "u_07": [
        -4.2525520272193454e-13,
        -8.385782557040295e-13
    ],
    "u_08": [
        2.9423607147822353e-13,
        4.83390240948187e-13
    ],
    "u_09": [
        -2.350658365941655e-13,
        -4.579912202590697e-13
    ],
    "u_10": [
        1.8591163650359037e-13,
        3.916530609619469e-13
    ],
    "u_11": [
        -1.5753223488659406e-13,
        -2.77497818255664e-13
    ],