{
    "lam_00": [
        10.039929748795208,
        10.292173845558406,
        10.140216736705174,
        10.007637293501833,
        10.149318487658581,
        10.129688327153277,
        10.428153750369725,
        10.157325760524122,
        10.120921938265889,
        9.990458256592968,
        9.961584846136951,
        9.725045201129365,
        9.864769405459517,
        9.993592883997463,
        9.856153233184772,
        9.874739103439138,
        9.606660692002906,
        9.848617683767024,
        9.883097198146702,
        10.010749120781929
    ],
    "pi_00": [
        -0.1793475000088077,
        -0.01546905556150728,
        -0.04856744992995828,
        0.00762428120975148,
        0.15462071859594317,
        0.022894824694751386,
        -0.02396391454382804,
        -0.06701293436947692,
        -0.2717585947280885,
        -0.11772881660125771
    ],
    "pi_01": [
        -0.09887030923225025,
        -0.11987910841057867,
        -0.01963695321185158,
        -0.024302896170224075,
        -0.026480449168248755,
        0.012818028972761521,
        0.017765816664856507,
        0.05415142474066225,
        0.1929380822089116,
        0.08281677668556868
    ],
    "pi_02": [
        0.21816811212348464,
        0.04711009338407905,
        0.06268118675708563,
        -0.17752788582375295,
        -0.043280989409018214,
        -0.07873070929523444,
        -0.041604215570294076,
        -0.04609272340386792,
        -0.06855043064146693,
        -0.03755278864773137
    ],
    "pi_03": [
        -0.1914303554557464,
        -0.0349483563395972,
        0.009840502113688839,
        0.2250962934586795,
        -0.011859974123111348,
        -0.00404112303563817,
        0.03231461633596056,
        -0.03156721007214813,
        0.1171622142339837,
        0.06814474356099182
    ],
    "pi_04": [
        0.1708275500759629,
        0.10728265243903093,
        -0.05014990106028792,
        -0.14661804028118244,
        0.004165324714716601,
        0.014177289462569239,
        -0.002359094677035853,
        0.009228106628024866,
        -0.10678710597498559,
        -0.060118524115168416
    ],
    "pi_05": [
        -0.16587516672590696,
        -0.12554821981472833,
        0.038374070039383805,
        0.1479268001513936,
        0.013906463622883733,
        0.00016083612679537891,
        -0.009357402082070388,
        0.015009425821488074,
        0.04812654311702543,
        0.030319913052238787
    ],
    "pi_06": [
        0.15183486724194104,
        0.10516189615827694,
        -0.041294817010977064,
        -0.15600396482904108,
        -0.0006931499828813757,
        0.017365850925790544,
        0.011491426236618888,
        -0.004200745586456848,
        -0.03469894179369654,
        -0.027814631155445992
    ],
    "pi_07": [
        -0.1290282337643208,
        -0.09932937280444928,
        0.04748134084903174,
        0.12785941409072624,
        -0.0042835408172490624,
        -0.026611767804891155,
        -0.014318156713944473,
        0.0008032730132510529,
        0.03232507653655656,
        0.027596621688486738
    ],
    "pi_08": [
        0.10854063501730186,
        0.09333427372361448,
        -0.041951811955870784,
        -0.10523844564641786,
        0.0003605884071125621,
        0.021823773786459506,
        0.015729435663570573,
        -0.005579646767148246,
        -0.018116270955704783,
        -0.019058054678057938
    ],
    "pi_09": [
        -0.09048389777905452,
        -0.07860511114862416,
        0.03579986930636307,
        0.09185526040127026,
        -0.001302675117855779,
        -0.02073605475918893,
        -0.014733431359760454,
        0.004694908172934358,
        0.009514081324796314,
        0.013948006683747984
    ],
    "pi_10": [
        0.0732282055246434,
        0.06525458565696156,
        -0.031931837869984166,
        -0.07508629175881688,
        0.0028372823323445833,
        0.02067268479072184,
        0.013312758692796328,
        -0.002821596854342649,
        -0.006791282983614322,
        -0.01175618762392909
    ],
    "pi_11": [
        -0.05792103455633136,
        -0.05447347855322722,
        0.026994756827584256,
        0.05911373917694477,
        -0.002198717941252629,
        -0.017897901041012926,
        -0.011868639802813446,
        0.002925931552760012,
        0.0032465856331391737,
        0.008692676250784504
    ],
    "pi_12": [
        0.04495518181241026,
        0.04373531999134072,
        -0.02192536966380215,
        -0.04694480356731237,
        0.0018895148666526098,
        0.015262019844277035,
        0.010174635269008655,
        -0.0026599101625462704,
        -0.0002610337153993071,
        -0.006027300324056751
    ],
    "pi_13": [
        -0.03381683981570773,
        -0.034063057159746335,
        0.017830571631118928,
        0.036309799090479135,
        -0.0020782767954159293,
        -0.013404008816682871,
        -0.008507966211334353,
        0.0019472351108568927,
        -0.0011349991946180613,
        0.004354853253344913
    ],
    "pi_14": [
        0.0243890272863858,
        0.026083132459394618,
        -0.01419187907377402,
        -0.0268590513562715,
        0.0019765005192867212,
        0.011448819253083997,
        0.00701172352913998,
        -0.0016166088142264775,
        0.002151022456618846,
        -0.002939016534119694
    ],
    "pi_15": [
        -0.01655095697770803,
        -0.01916104976429326,
        0.01087536550857512,
        0.01915772606755662,
        -0.0017631345534093277,
        -0.009643940199858446,
        -0.005547039081587148,
        0.0015242506506022613,
        -0.003037787158197643,
        0.00177994759602452
    ],
    "pi_16": [
        0.009925751788789237,
        0.0132133947157386,
        -0.008053602196334534,
        -0.012953799230202987,
        0.0018108346880140907,
        0.008150964560429599,
        0.004147962969314198,
        -0.0013450523134055064,
        0.0035686560546990937,
        -0.0010092534827004958
    ],
    "pi_17": [
        -0.004791348705490109,
        -0.00872450855464368,
        0.005597551216702526,
        0.007806098241465223,
        -0.0022365368025335695,
        -0.00647567179666604,
        -0.0030595830410637746,
        0.0009597641475636487,
        -0.0036104424846215145,
        0.0004465517350853002
    ],
    "pi_18": [
        0.00168255273084808,
        0.005406371566491487,
        -0.0031434624833905256,
        -0.003615804694928322,
        0.002345603482514346,
        0.004665465214222217,
        0.0021126136811362526,
        -0.0007726136836101126,
        0.003095497090367691,
        -8.319564480455501e-06
    ],
    "pi_19": [
        -0.0006135796514316965,
        -0.0022690227715036577,
        0.0010361730305115152,
        0.0009140059579614183,
        -0.0015437865768381188,
        -0.0025408453481617238,
        -0.0009150389519470503,
        0.0009733365151397248,
        -0.0022547289032261667,
        -2.4329475561861782e-05
    ],
    "u_00": [
        5.398956868867769e-13,
        5.186205562156504e-13
    ],
    "u_01": [
        -7.977247029990805e-13,
        -6.352684127507624e-13
    ],
    "u_02": [
        9.380695547601958e-13,
        6.981014582325886e-13
    ],
    "u_03": [
        -6.375787721943967e-13,
        -4.848500073650897e-13
    ],
    "u_04": [
        4.1710535070608405e-13,
        3.815888467226659e-13
    ],
    "u_05": [
        -3.5400759811087847e-13,
        -3.3815197651276396e-13
    ],
    "u_06": [
        2.895070462996378e-13,
        2.7108309036237435e-13
    ],
    "u_07": [
        -2.1124118842081327e-13,
        -2.0827704024409363e-13
    ],
    "u_08": [
        1.5788300499433746e-13,
        1.6573852915464308e-13
    ],
    "u_09": [
        -1.2116544407885475e-13,
        -1.2952737323942347e-13
    ],
    "u_10": [
        8.900957317157945e-14,
        9.813479146124804e-14
    ],