{
    "lam_00": [
        4.510805419409689,
        1e-16,
        4190.5948956782795,
        1e-16,
        706.5295810322127,
        0.05,
        0.05,
        6.689987159200885e-10,
        1274.0688781708761,
        1e-16,
        582.0004994541623,
        1e-16,
        0.03333336966415232,
        0.03333336966415232,
        0.0,
        0.03333326067169537
    ],
    "lam_01": [
        7.884530149581978e-09,
        1.6810459552064828e-08,
        0.09999998318954045,
        7.310259246373364e-10,
        0.04290087225455714,
        0.012536553413846241,
        0.0,
        0.044562574331596626
    ],
    "lam_02": [
        6.689987162430252e-10,
        8.4622443385161e-09,
        0.09999999153775567,
        3.3387864092297073,
        0.03970977863378115,
        0.004135551849211374,
        0.0,
        0.05615466951700748
    ],
    "lam_03": [
        6.689987158588941e-10,
        3.5086315438907014e-08,
        0.09999996491368456,
        4.832698586916478,
        0.018650416133050345,
        0.00363638717441098,
        0.0,
        0.07771319669253868
    ],
    "lam_04": [
        6.689987168079234e-10,
        0.09999997067610271,
        2.9323897294165598e-08,
        2.3071386278099055,
        0.005775086739730574,
        0.0028850896453530353,
        0.0,
        0.0913398236149164
    ],
    "lam_05": [
        1.1492101895528338e-09,
        0.09999998926625311,
        1.0733746887933363e-08,
        1.6010032606728062e-09,
        0.005189393134751462,
        0.001595450023839132,
        0.0,
        0.09321515684140941
    ],
    "lam_06": [
        0.08505531757639494,
        0.09999998933257011,
        1.0667429892267147e-08,
        6.689987779473579e-10,
        0.0019134110573398432,
        8.439303225440259e-05,
        0.0,
        0.09800219591040576
    ],
    "lam_07": [
        1.434843453050843e-09,
        4.898330039998507e-07,
        0.099999510166996,
        1.2533982314785196e-09,
        0.0007398793009706977,
        7.842154024806087e-05,
        0.0,
        0.09918169915878125
    ],
    "lam_08": [
        1.3117495485888166e-09,
        1.499227697401441e-07,
        0.09999985007723027,
        1.3653169664992516e-09,
        0.0002232340025209098,
        0.013919670688366729,
        0.0,
        0.08585709530911237
    ],
    "lam_09": [
        1.4012741961583724e-09,
        2.3084597521824883e-07,
        0.09999976915402478,
        1.2801883881722886e-09,
        0.0019238543306866092,
        0.003190947501558693,
        0.0,
        0.0948851981677547
    ],
    "pi_00": [
        -1274.0522115405404,
        2059.88694294021,
        -454.59527830010785,
        411.3539051203925
    ],
    "pi_01": [
        -1235.7084201270038,
        1235.6622494928292,
        -331.01672475841923,
        259.09062451159576
    ],
    "pi_02": [
        -1087.229236276989,
        713.5819243777894,
        -222.27946304535604,
        159.3665528648366
    ],
    "pi_03": [
        -835.340785459166,
        364.79791286731444,
        -138.73899597764196,
        101.18899993636134
    ],
    "pi_04": [
        -557.9449308812593,
        202.8632427551799,
        -82.9457882006368,
        68.04344916973602
    ],
    "pi_05": [
        -331.8416854917873,
        213.49165283696271,
        -49.770635562625536,
        43.28208572697625
    ],
    "pi_06": [
        -202.4981309491459,
        161.58654775867996,
        -29.53115976344666,
        24.261065259144143
    ],
    "pi_07": [
        -136.71143323996952,
        105.05374046793187,
        -15.862382619116882,
        12.819605221535141
    ],
    "pi_08": [
        -92.03459553731136,
        70.83300491391012,
        -6.660777248248614,
        5.3520917053440105
    ],
    "pi_09": [
        -66.79599190128971,
        53.49643343528202,
        0.01679020154454781,
        -0.010344142012321316
    ],
    "sl_00": [
        1.070367766555109e-06
    ],
    "sl_01": [
        5.338883184974106e-07
    ],
    "sl_02": [
        1.809476364967857e-05
    ],
    "sl_03": [
        2.30585082500162e-05
    ],
    "sl_04": [
        4.115903274467628e-06
    ],
    "sl_05": [
        5.818658124943945e-06
    ],
    "sl_06": [
        2.5487841021830698e-05
    ],
    "sl_07": [
        0.0006685180479997934
    ],
    "sl_08": [
        3.2217254755521285e-06
    ],
    "sl_09": [
        3.097086971013053e-05
    ],
    "su_00": [
        1.6055918864712272e-06
    ],
    "su_01": [
        1.605952869850153e-06
    ],
    "su_02": [
        8.829866921061716e-07
    ],
    "su_03": [
        1.1736939369651757e-06
    ],
    "su_04": [
        1.2556328319687487e-06
    ],
    "su_05": [
        7.768279127072991e-07
    ],
    "su_06": [
        6.631591173443385e-07
    ],
    "su_07": [
        5.763330998235106e-07
    ],
    "su_08": [
        8.509510012644441e-07
    ],
    "su_09": [
        5.98186012597844e-07
    ],
    "u_00": [
        1.1863199813618013e-08
    ],
    "u_01": [
        -0.00014281453735204486
    ],
    "u_02": [
        -1.603277270179712e-08
    ],
    "u_03": [
        -1.1076537720699964e-08
    ],
    "u_04": [
        -2.319823683584858e-08
    ],
    "u_05": [
        -0.003551247125192154
    ],
    "u_06": [
        6.294558784016951e-07
    ],
    "u_07": [
        0.006641962652379437
    ],
    "u_08": [
        0.001176694354975737
    ],
    "u_09": [
        0.013901789219334486
    ],
    "x_00": [
        0.0,
        0.0,
        0.0,
        0.0
    ],
    "x_01": [
        5.79177750678503e-11,
        6.145341363637342e-11,
        1.1695079232348146e-09,
        1.296493002581215e-09
    ],
    "x_02": [
        -7.107822047234977e-07,
        -8.505185069366749e-07,
        -1.4237018545668256e-05,
        -1.755957931407253e-05
    ],
    "x_03": [
        -2.121588716760232e-06,
        -2.7749819609000347e-06,
        -1.4114723704202532e-05,
        -2.2523322395255567e-05
    ],
    "x_04": [
        -3.5807177532776072e-06,
        -5.751506646118708e-06,
        -1.5386202257868285e-05,
        -3.937082689761511e-05
    ],
    "x_05": [
        -5.283473632889432e-06,
        -1.1210024489184743e-05,
        -1.910314534984522e-05,
        -7.27108038425517e-05
    ],
    "x_06": [
        -2.495265654196261e-05,
        -4.0822270810264604e-05,
        -0.00037491725935056636,
        -0.000532780486854569
    ],
    "x_07": [
        -6.270105229995496e-05,
        -9.928481059040034e-05,
        -0.0003844362195098835,
        -0.0006679828230247289
    ],
    "x_08": [
        -6.851370244084608e-05,
        -0.00013237274819012556,
        0.0002673568101815487,
        -2.6865328349290934e-06
    ],
    "x_09": [
        -3.652486090877236e-05,
        -0.00013405640811478867,
        0.00037261804890359235,
        -3.0435669038886184e-05
    ],
    "x_10": [
        6.96262951557609e-05,
        -5.869406915974022e-05,
        0.0017518623645040015,
        0.001555794827037478
    ]
}