{
    "lam_00": [
        3.2574867553538896e-13,
        735.4959436205919,
        1628.830307755547,
        174.5898829168822,
        326.4873338799147,
        3.258217480221923e-13,
        2.4809001515156246,
        71.64391955222358,
        243.0696436350112,
        0.14507712812014117,
        90.89289598654284,
        2.4809001515156246
    ],
    "lam_01": [
        3.2475323934528127e-13,
        3.248255925687635e-13,
        1.3788055868974476,
        1.3788055868974476
    ],
    "lam_02": [
        5.552617344792765e-13,
        5.552617344792765e-13,
        8.332336741861498e-13,
        8.332336741861498e-13
    ],
    "lam_03": [
        0.8280691620267081,
        0.8280691620267081,
        3.244046415726451e-13,
        3.2447659588331384e-13
    ],
    "lam_04": [
        0.8319243302652439,
        0.8319243302652439,
        3.2438537694646034e-13,
        3.244573249705564e-13
    ],
    "lam_05": [
        0.5080113167031867,
        0.5080113167031867,
        3.242058826710637e-13,
        3.242776035976857e-13
    ],
    "lam_06": [
        0.18054503924978174,
        0.18054503924978174,
        3.2220420409597017e-13,
        3.222750301190485e-13
    ],
    "lam_07": [
        2.204233653054947e-11,
        2.204233653054947e-11,
        8.002380462916975e-14,
        8.002380462916975e-14
    ],
    "lam_08": [
        1.011259951408524e-14,
        1.0069344267856262e-14,
        0.012410276002617114,
        0.012410276002617114
    ],
    "lam_09": [
        1.1162821985803749e-13,
        1.1162821985803749e-13,
        1.655131271605494e-08,
        1.655131271605494e-08
    ],
    "lam_10": [
        2.8192796057962168e-12,
        2.8192796057962168e-12,
        3.369756971394329e-13,
        3.369756971394329e-13
    ],
    "lam_11": [
        1.6929636703866734e-12,
        1.6929636703866734e-12,
        2.6195908801497133e-13,
        2.6195908801497133e-13
    ],
    "lam_12": [
        6.308692376072492e-13,
        6.308692376072492e-13,
        6.683484951504816e-13,
        6.683484951504816e-13
    ],
    "lam_13": [
        4.903075240240549e-13,
        4.903075240240549e-13,
        8.542878005146896e-13,
        8.542878005146896e-13
    ],
    "lam_14": [
        5.419521778241551e-13,
        5.419521778241551e-13,
        7.921195670791941e-13,
        7.921195670791941e-13
    ],
    "lam_15": [
        6.142572115902999e-13,
        6.142572115902999e-13,
        7.012539285150207e-13,
        7.012539285150207e-13
    ],
    "lam_16": [
        6.552512517505125e-13,
        6.552512517505125e-13,
        6.568960340653065e-13,
        6.568960340653065e-13
    ],
    "lam_17": [
        6.65320185366208e-13,
        6.65320185366208e-13,
        6.468028466405482e-13,
        6.468028466405482e-13
    ],
    "lam_18": [
        6.628940319394121e-13,
        6.628940319394121e-13,
        6.492112265367838e-13,
        6.492112265367838e-13
    ],
    "lam_19": [
        6.597902471784943e-13,
        6.597902471784943e-13,
        6.522980206638126e-13,
        6.522980206638126e-13
    ],
    "pi_00": [
        663.8520240683868,
        1249.5163945932636,
        141.2522045853428,
        178.04017945911184
    ],
    "pi_01": [
        653.8571717247625,
        1261.329151325962,
        108.55535213117393,
        124.17099076169654
    ],
    "pi_02": [
        614.0826005400479,
        1068.615294298861,
        77.84334458715246,
        72.19091789115795
    ],
    "pi_03": [
        534.0390784655407,
        639.9800812005584,
        51.133182207719365,
        33.46633733614695
    ],
    "pi_04": [
        422.8419790460759,
        361.74375393494114,
        29.98679440620978,
        11.531379672351001
    ],
    "pi_05": [
        299.6926470348155,
        184.41727829603863,
        15.00165908390342,
        0.7340730495051547
    ],
    "pi_06": [
        183.4603247856543,
        71.16569407006253,
        5.831921503894886,
        -3.0952679605411926
    ],
    "pi_07": [
        93.28342250223207,
        -4.190148618043042,
        1.174922903889645,
        -2.8191234277214288
    ],
    "pi_08": [
        41.779622383323115,
        -38.795695325547705,
        -0.9057683270995114,
        -0.8560199194980452
    ],
    "pi_09": [
        21.89161367704545,
        -37.03503956633527,
        -1.9960172022732432,
        0.9898172854667926
    ],
    "pi_10": [
        15.153402907657146,
        -23.93788726593147,
        -2.7527568220375302,
        2.152656597476123
    ],
    "pi_11": [
        10.369508229381092,
        -12.069714649134228,
        -3.2713811974611455,
        2.716988848121732
    ],
    "pi_12": [
        4.877209432078896,
        -4.246921582291808,
        -3.5153763475175155,
        2.886822495917611
    ],
    "pi_13": [
        -0.7240807175384013,
        0.6779694403267184,
        -3.4790814151409375,
        2.809786756682081
    ],
    "pi_14": [
        -5.563806235363048,
        4.141330703361924,
        -3.200677490113618,
        2.562169470639748
    ],
    "pi_15": [
        -9.29569938983957,
        6.842092379489989,
        -2.735663077374957,
        2.1845496842014245
    ],
    "pi_16": [
        -11.945162148092992,
        8.951747651611177,
        -2.138201510945766,
        1.7082307733051612
    ],
    "pi_17": [
        -13.643504939302245,
        10.45826169310219,
        -1.4558493500857372,
        1.16455798422537
    ],
    "pi_18": [
        -14.495305282016629,
        11.334610160061729,
        -0.7309224625256164,
        0.5857340039853941
    ],
    "pi_19": [
        -14.552305197281697,
        11.570739011339514,
        -0.003150987258473939,
        0.003979357928352629
    ],
    "u_00": [
        -1.0530845660284335e-10
    ],
    "u_01": [
        -2.9338772656163723e-10
    ],
    "u_02": [
        0.0023029320514254244
    ],
    "u_03": [
        5.981421848707397e-10
    ],
    "u_04": [
        6.374690981244407e-10
    ],
    "u_05": [
        1.1814357835137138e-09
    ],
    "u_06": [
        4.3314509776213456e-09
    ],
    "u_07": [
        0.1461479976524767
    ],
    "u_08": [
        -1.108115608978305e-05
    ],
    "u_09": [
        -0.22795286275230484
    ],
    "u_10": [
        -0.07661667135100465
    ],
    "u_11": [
        0.08196481575056103
    ],
    "u_12": [
        0.07871584509684865
    ],
    "u_13": [
        0.0159236281871043
    ],
    "u_14": [
        -0.011264854111632036
    ],
    "u_15": [
        -0.01037557362117306
    ],
    "u_16": [
        -0.003909125450441632
    ],
    "u_17": [
        -0.00019806846302241444
    ],
    "u_18": [
        0.000835815453980773
    ],
    "u_19": [
        0.0006492718418360946
    ],
    "x_00": [
        -1.8330688472402808e-13,
        7.238432133337578e-13,
        -4.2054753833785e-13,
        -4.486736012941685e-13
    ],
    "x_01": [
        -3.3335816795150137e-13,
        8.49178660592466e-13,
        -5.547349014318998e-12,
        5.310880159127264e-12
    ],
    "x_02": [
        -9.607734769121352e-13,
        1.4964897563828221e-12,
        -1.9270623794682734e-11,
        1.9427593868625312e-11
    ],
    "x_03": [
        2.6925868632976463e-06,
        -2.529094356113077e-06,
        0.00010482907317563798,
        -8.637988664760997e-05
    ],
    "x_04": [
        7.685047308038204e-06,
        -7.274231437014659e-06,
        9.423279191900669e-05,
        -0.00010943192928748656
    ],
    "x_05": [
        1.1977436975943693e-05,
        -1.4138326639791925e-05,
        7.506381557004967e-05,
        -0.00017330597578656828
    ],
    "x_06": [
        1.4812994485292982e-05,
        -2.56019307328865e-05,
        3.413746106648753e-05,
        -0.00029520483167479953
    ],
    "x_07": [
        1.5130631542129875e-05,
        -4.395618362271727e-05,
        -9.436076529747433e-06,
        -0.0004004538906244299
    ],