{
    "lam_00": [
        3.352525795711738e-13,
        735.6440871095224,
        1628.8910824914271,
        174.61661352686474,
        326.4736243989184,
        3.3532245826731e-13,
        2.480923685329037,
        71.79010232163706,
        243.13079544447444,
        0.16995178761108454,
        90.87697803368079,
        2.480923685329037
    ],
    "lam_01": [
        3.3430179837571023e-13,
        3.3437098949285145e-13,
        1.3788259422113822,
        1.3788259422113822
    ],
    "lam_02": [
        5.694871880720223e-13,
        5.694871880720223e-13,
        8.578526210206937e-13,
        8.578526210206937e-13
    ],
    "lam_03": [
        0.8280972935019029,
        0.8280972935019029,
        3.339712618866084e-13,
        3.340400724080236e-13
    ],
    "lam_04": [
        0.8319615249053308,
        0.8319615249053308,
        3.339527250999533e-13,
        3.3402152959949367e-13
    ],
    "lam_05": [
        0.5080436784388209,
        0.5080436784388209,
        3.337864748464315e-13,
        3.338550641201939e-13
    ],
    "lam_06": [
        0.18056281708791877,
        0.18056281708791877,
        3.318917708018689e-13,
        3.319595124338791e-13
    ],
    "lam_07": [
        2.3257298613821222e-11,
        2.3257298613821222e-11,
        9.279266351988378e-14,
        9.279266351988378e-14
    ],
    "lam_08": [
        1.0179821239919424e-14,
        1.013028419883026e-14,
        0.012413300222809958,
        0.012413300222809958
    ],
    "lam_09": [
        1.2446242031621443e-13,
        1.2446242031621443e-13,
        1.8813498142721853e-08,
        1.8813498142721853e-08
    ],
    "lam_10": [
        3.049662493421847e-12,
        3.049662493421847e-12,
        3.8406225274848244e-13,
        3.8406225274848244e-13
    ],
    "lam_11": [
        1.7798090232384039e-12,
        1.7798090232384039e-12,
        2.75016634064432e-13,
        2.75016634064432e-13
    ],
    "lam_12": [
        6.420672630182007e-13,
        6.420672630182007e-13,
        6.924326434080491e-13,
        6.924326434080491e-13
    ],
    "lam_13": [
        5.009196894620382e-13,
        5.009196894620382e-13,
        8.845761673258743e-13,
        8.845761673258743e-13
    ],
    "lam_14": [
        5.571071703230665e-13,
        5.571071703230665e-13,
        8.165189404480273e-13,
        8.165189404480273e-13
    ],
    "lam_15": [
        6.322761018667471e-13,
        6.322761018667471e-13,
        7.210557513064564e-13,
        7.210557513064564e-13
    ],
    "lam_16": [
        6.743227316593042e-13,
        6.743227316593042e-13,
        6.754309446747455e-13,
        6.754309446747455e-13
    ],
    "lam_17": [
        6.844002917497021e-13,
        6.844002917497021e-13,
        6.653522089026168e-13,
        6.653522089026168e-13
    ],
    "lam_18": [
        6.817903891363178e-13,
        6.817903891363178e-13,
        6.679382307190725e-13,
        6.679382307190725e-13
    ],
    "lam_19": [
        6.785966238271851e-13,
        6.785966238271851e-13,
        6.711093955480461e-13,
        6.711093955480461e-13
    ],
    "pi_00": [
        663.8539847879009,
        1249.5179312750736,
        141.25396249985877,
        178.04236645036372
    ],
    "pi_01": [
        653.85913244427,
        1261.3351497169494,
        108.55701200971453,
        124.17301486205588
    ],
    "pi_02": [
        614.0845612595369,
        1068.631160707062,
        77.84490642971859,
        72.19238025328325
    ],
    "pi_03": [
        534.0410362306886,
        639.9907515473858,
        51.13464616086604,
        33.467054990097225
    ],
    "pi_04": [
        422.8439281769372,
        361.75204143963333,
        29.98816090170233,
        11.53152315702811
    ],
    "pi_05": [
        299.6945821188061,
        184.42575565445452,
        15.002928824147928,
        0.7337150094893944
    ],
    "pi_06": [
        183.4622408500232,
        71.17662871908566,
        5.833095439996171,
        -3.096151795736534
    ],
    "pi_07": [
        93.28531548154263,
        -4.191435275043331,
        1.1760021903456168,
        -2.8202135521536267
    ],
    "pi_08": [
        41.7815892252646,
        -38.79967196782304,
        -0.9047873429080302,
        -0.8569608741448762
    ],
    "pi_09": [
        21.89385300970782,
        -37.03785779847997,
        -1.9951481451720103,
        0.9890887679490864
    ],
    "pi_10": [
        15.15550042498462,
        -23.93820101216205,
        -2.751992845886219,
        2.1520090707960806
    ],
    "pi_11": [
        10.371179995277071,
        -12.071518039227374,
        -3.2707007181518915,
        2.7164058610588895
    ],
    "pi_12": [
        4.87893188756152,
        -4.249306953288695,
        -3.5147818918021727,
        2.8863422687651834
    ],
    "pi_13": [
        -0.7221191303115532,
        0.6761060179760108,
        -3.4785850625917134,
        2.809402960851907
    ],
    "pi_14": [
        -5.561794725821912,
        4.139926542115539,
        -3.2002817649387074,
        2.5618631013705877
    ],
    "pi_15": [
        -9.293822551796094,
        6.840850486203012,
        -2.735361216058965,
        2.184310783323126
    ],
    "pi_16": [
        -11.943466613046768,
        8.950534808330577,
        -2.137984423081294,
        1.708055846223756
    ],
    "pi_17": [
        -13.641958264534582,
        10.457073656659032,
        -1.4557095862793312,
        1.164444527326772
    ],
    "pi_18": [
        -14.493866189350125,
        11.33346673680166,
        -0.7308546465169619,
        0.585678859984212
    ],
    "pi_19": [
        -14.550947953536179,
        11.56964350507704,
        -0.003151029976364292,
        0.00397927648606708
    ],
    "u_00": [
        -1.0368127693606522e-10
    ],
    "u_01": [
        -2.88206169921177e-10
    ],
    "u_02": [
        -2.531167102063584e-07
    ],
    "u_03": [
        5.903194414953565e-10
    ],
    "u_04": [
        6.319087197676886e-10
    ],
    "u_05": [
        1.1775928980312274e-09
    ],
    "u_06": [
        4.32050127814089e-09
    ],
    "u_07": [
        1.1091559598046252e-05
    ],
    "u_08": [
        -1.152625066976054e-05
    ],
    "u_09": [
        -1.1047732550284461e-05
    ],
    "u_10": [
        1.025446999919355e-05
    ],
    "u_11": [
        2.2387355885188087e-06
    ],
    "u_12": [
        1.0072827078214802e-06
    ],
    "u_13": [
        -3.330115443149137e-07
    ],
    "u_14": [
        -9.140360758557071e-07
    ],
    "u_15": [
        -5.438211024765775e-07
    ],
    "u_16": [
        -7.309055832612128e-08
    ],
    "u_17": [
        9.516834269588086e-08
    ],
    "u_18": [
        7.525408499283424e-08
    ],
    "u_19": [
        2.5569967693851508e-08
    ],
    "x_00": [
        -1.563431489652939e-13,
        6.787704739514773e-13,
        -3.7768010688492607e-13,
        -4.170251625734235e-13
    ],
    "x_01": [
        -3.0235424131194295e-13,
        8.041228861154488e-13,
        -5.4301032965187255e-12,
        5.286533065902485e-12
    ],
    "x_02": [
        -9.179934903348891e-13,
        1.4445706510170288e-12,
        -1.8923287544107944e-11,
        1.9220985483710826e-11
    ],
    "x_03": [
        -3.017358206663633e-10,
        2.9936439774427045e-10,
        -1.1814205662185164e-08,
        1.0933363846831541e-08
    ],
    "x_04": [
        -8.785316992752595e-10,
        8.885368986784385e-10,
        -1.1269418973266295e-08,
        1.3178419949605989e-08
    ],
    "x_05": [
        -1.426804743862568e-09,
        1.6761767277998228e-09,
        -1.0606022829149947e-08,
        1.903259781862402e-08
    ],
    "x_06": [
        -1.9283737347488227e-09,
        2.8750220048397656e-09,
        -9.295835188048398e-09,
        2.995849180599422e-08
    ],
    "x_07": [
        -2.33134011641847e-09,
        4.795566948089642e-09,
        -6.59940813414338e-09,
        4.8153993630723705e-08
    ],