{
    "lam_00": [
        9.998175712660805,
        10.522287218381383,
        10.62646082447243,
        10.20763765601598,
        10.375161504999006,
        10.345205134762605,
        10.380970058160392,
        9.86723639133627,
        10.203067625227899,
        10.12357286867907,
        10.005051191075333,
        9.529867925425398,
        9.44598150842978,
        9.803713485383945,
        9.653909438137434,
        9.680048378413241,
        9.648933249893409,
        10.13966041891379,
        9.807991176023895,
        9.882547130530112
    ],
    "pi_00": [
        -0.3526990103026861,
        -0.8024474584422611,
        -0.6318146221860405,
        0.3234616695577235,
        0.06056861821892249,
        -0.08257035307807851,
        0.10762584454588309,
        0.3290115766587185,
        0.5428757274199555,
        0.12361038717414082
    ],
    "pi_01": [
        0.0417654075438952,
        0.6497702116102195,
        -0.33476776061107216,
        -0.06097596714046581,
        0.19713077723296338,
        0.35950859140082647,
        0.3210107576901739,
        0.2145846732229343,
        0.06643126218095202,
        0.40982214552050805
    ],
    "pi_02": [
        -0.13896726441560486,
        -0.3003797919771388,
        -0.27486840391743844,
        0.0952083701901146,
        -0.17785671022629657,
        0.05774881178109696,
        0.18552591329573428,
        0.24764994791317788,
        -0.1941109418198747,
        0.020411042219912717
    ],
    "pi_03": [
        0.05609123507006043,
        0.32216288518499653,
        0.0023449761623957413,
        -0.14931708513488534,
        -0.0835827883238543,
        -0.12628126825767755,
        0.2005712386209504,
        0.1297799228076504,
        -0.0625083792042205,
        0.18717633779483517
    ],
    "pi_04": [
        -0.07569813849539071,
        -0.18195431387439367,
        0.07946165910324074,
        -0.03059927486038869,
        -0.11809232213110793,
        -0.09910626745472048,
        0.06670508193801648,
        0.031455249782822985,
        -0.10465297980873726,
        -0.056608931927121624
    ],
    "pi_05": [
        0.019135327477935046,
        0.08925779481515447,
        0.08557747258363375,
        -0.05938493006750421,
        -0.038960720139452884,
        -0.1311111656692171,
        0.019598515349142375,
        0.0043782947426643844,
        0.06563855777718883,
        0.011501818705382702
    ],
    "pi_06": [
        -0.03408959871694028,
        -0.0814532829609481,
        0.05685952850955604,
        0.002345930025827086,
        0.005077457542597616,
        -0.004463034048990841,
        -0.028683572008380908,
        -0.035678605642392384,
        -0.0003209989014184166,
        -0.04582677283697269
    ],
    "pi_07": [
        0.009774509889497122,
        0.024848461272407654,
        -0.005211213517628209,
        0.0010295333555364148,
        0.016511465399458712,
        -0.01037315103825618,
        -0.025862074087700474,
        -0.004604254891683744,
        0.052561379322214205,
        -0.005472163300967607
    ],
    "pi_08": [
        -0.008648434273808762,
        -0.016383055058805576,
        -0.006793196559726394,
        0.01263828083797275,
        0.02080757023294773,
        0.03827770130240645,
        -0.015594596029619106,
        -0.011021747262243177,
        -0.006397768250855425,
        -0.0069905801474688745
    ],
    "pi_09": [
        0.005949640596192731,
        0.011524996791831037,
        -0.024580625500592108,
        0.003871262270008629,
        0.005626229964815336,
        0.00859437776158609,
        -0.003298159098035467,
        0.009089592243946995,
        0.0077853706768651375,
        0.005763247404256408
    ],
    "pi_10": [
        -0.0013539326126824178,
        0.001032728609458438,
        -0.0048443892908077765,
        0.0015176726583592283,
        0.00149072822706222,
        0.012990113492451391,
        0.0043597437231707,
        0.0020837569229264948,
        -0.01305814386791568,
        0.004029026829123119
    ],
    "pi_11": [
        0.0016814457681143835,
        0.0023638769511190724,
        -0.004885930301034335,
        -0.0019747239664340663,
        -0.004785547724331083,
        -0.005157118544847752,
        0.004280677894513051,
        0.005621315812569839,
        -0.0018363521499321824,
        0.0026774057524295417
    ],
    "pi_12": [
        -0.0006580318782490266,
        0.000522093594745447,
        0.0047594335726713,
        -0.0020615727090635447,
        -0.0025716073284971414,
        -0.0020363084831264027,
        0.0031553810432883005,
        -0.00020574975807853451,
        -0.004173614005878296,
        0.000638422562245243
    ],
    "pi_13": [
        -0.00014512991326806328,
        -0.0013942650382042802,
        0.001982846192988,
        -0.0011142744242206661,
        -0.002065905043884804,
        -0.004646876144456606,
        0.00022841412385657398,
        0.00016583023937539576,
        0.0013322159585378952,
        -0.001044032690914721
    ],
    "pi_14": [
        -0.0002902346751070948,
        7.313047794619559e-06,
        0.002594114674458399,
        -0.0003692085108641402,
        0.0002698336939417553,
        -0.0006806082389561785,
        -0.0005744123285643568,
        -0.0013405181400492172,
        0.0006855511758043979,
        -0.0006778033359900837
    ],
    "pi_15": [
        -0.00019028316189972086,
        -0.0008722097927119512,
        -6.511992746297297e-05,
        0.00035579158396676367,
        0.00046844865964197104,
        -8.7852071657041e-05,
        -0.0010730507529739983,
        -0.0004747303783801958,
        0.0011511315511651436,
        -0.0007599512703129786
    ],
    "pi_16": [
        6.592608529034508e-05,
        0.00038585952696632817,
        -0.0002997763187301756,
        0.00026897826894931834,
        0.0006693017128815848,
        0.0008713621569216384,
        -0.0005307942115774791,
        -0.0002626854191589501,
        0.0002766388285427059,
        -5.3503857743902525e-06
    ],
    "pi_17": [
        -5.91315318392492e-07,
        -9.797699188324683e-05,
        -0.0006534698906904069,
        0.00017648895929653374,
        0.00026875173172474125,
        0.0005964914457974604,
        -0.00019713285902868294,
        0.00010882967414456321,
        -0.00013665544516353002,
        6.225566750759155e-07
    ],
    "pi_18": [
        0.00011785422379620956,
        0.00019434061780322664,
        -0.0002653629157676818,
        -1.2135122185840631e-05,
        6.2240999175447335e-06,
        0.000175518245134624,
        9.305060807728339e-05,
        0.00019800197245888266,
        -0.00015732877872424777,
        0.00015090322795415493
    ],
    "pi_19": [
        7.862524406819462e-06,
        5.653413170134255e-05,
        3.6122046524943577e-05,
        -8.362668575366517e-05,
        2.7167669456167404e-05,
        5.60156373117718e-05,
        0.00010590524496103293,
        7.873419579851817e-06,
        -0.00012522037803007084,
        0.0001107658184219586
    ],
    "u_00": [
        -2.2028479063909093e-13,
        1.2853745276904962e-14
    ],
    "u_01": [
        2.4525224835921948e-14,
        -1.0178472207602023e-12
    ],
    "u_02": [
        2.801379208494008e-13,
        -1.3706531700747443e-13
    ],
    "u_03": [
        -7.591143247784554e-13,
        -3.4457656852824084e-13
    ],
    "u_04": [
        5.92266743833995e-13,
        1.314161321979573e-13
    ],
    "u_05": [
        -3.7920432869746655e-13,
        -2.41503570325819e-13
    ],
    "u_06": [
        3.668549008816564e-13,
        1.873895673302887e-13
    ],
    "u_07": [
        -2.399526983156591e-13,
        -1.6203560540583358e-13
    ],
    "u_08": [
        1.469019197295428e-13,
        9.970926117404378e-14
    ],
    "u_09": [
        -1.3388882275307582e-13,
        -8.128511687782871e-14
    ],