{
    "lam_00": [
        10.038560860586973,
        9.970561481973178,
        10.47202987168317,
        10.673347653065388,
        10.181653120134259,
        10.57885803077007,
        10.54831376888804,
        11.164778805155606,
        10.428804859441968,
        10.632354384436516,
        9.977123629633931,
        10.045198069771406,
        9.582753305796382,
        9.419971586799106,
        9.839639891344607,
        9.494891599204887,
        9.519875311436351,
        9.06837349520045,
        9.619235303510289,
        9.45215361569554
    ],
    "pi_00": [
        1.3226084706073766,
        1.2112661880073494,
        0.11161699038720915,
        -0.6710070672523991,
        0.44231600164914786,
        -1.4367303699164682,
        1.728881016477576,
        -1.009066171347693,
        -0.08004864330112796,
        -0.8576038118436873
    ],
    "pi_01": [
        0.12660375974772356,
        -0.18755529678773253,
        0.22172185804487685,
        -0.5735778513561723,
        0.19765992563768078,
        -1.5484365914649403,
        0.4454025219348314,
        0.5867559100801046,
        -0.5948954962741934,
        0.3884195129615464
    ],
    "pi_02": [
        0.3145349461013305,
        -0.2601134965276672,
        -0.5408730597571362,
        -0.5248361450961095,
        -0.2860682908248692,
        0.08267684168592157,
        -0.3587816397292674,
        0.18811392272186073,
        -0.14058551583647955,
        0.3114010483838075
    ],
    "pi_03": [
        0.012799993312083794,
        -0.5201516890384852,
        -0.2809859933199759,
        -0.26153866343508614,
        0.010002999541115979,
        0.26036609439341085,
        -0.41053283856879697,
        -0.15412640665966082,
        0.07052426479890472,
        0.06811855134954539
    ],
    "pi_04": [
        -0.026198086926854228,
        -0.46306326794329894,
        0.033355694608363934,
        0.11371491313694604,
        -0.056840704262157093,
        0.3494084176245109,
        -0.27895532247821253,
        -0.19055536440572243,
        0.14621863755905373,
        -0.14186969494916638
    ],
    "pi_05": [
        -0.08284017159431149,
        -0.1829804698466659,
        0.14598278972126064,
        0.2686290861941879,
        0.005729071067910674,
        0.2334058610588443,
        -0.11577082855070729,
        -0.15620585973763382,
        0.11213679265278916,
        -0.1308657894667106
    ],
    "pi_06": [
        -0.0863669154663675,
        0.0703978486876111,
        0.17738466006767514,
        0.24721806834344973,
        -0.003680327351364709,
        0.09219844858314598,
        0.04644998545045017,
        -0.08658519856522727,
        0.04377380128975102,
        -0.06948310142457687
    ],
    "pi_07": [
        -0.053443223301262346,
        0.18954703623927,
        0.0890376442073374,
        0.1429353081244861,
        0.024854806377286365,
        -0.02883627563361012,
        0.12089963006804859,
        -0.002065027944304185,
        -0.028437454577541262,
        -0.000626903548922402
    ],
    "pi_08": [
        -0.01230491082799966,
        0.1946560427754086,
        0.013475541366853881,
        0.0006176152955072492,
        0.011442907560814671,
        -0.09680716604545014,
        0.12203677248190672,
        0.05160426466896508,
        -0.04449556740362898,
        0.03425774209640271
    ],
    "pi_09": [
        0.020921604277510025,
        0.10573920714463356,
        -0.04964592127993172,
        -0.08049111031161707,
        0.015189668771912865,
        -0.09993441441142935,
        0.06703196501389012,
        0.0676838037536876,
        -0.04504805936460089,
        0.044083393622895685
    ],
    "pi_10": [
        0.03373073244042775,
        0.010295388329824476,
        -0.05906980412787312,
        -0.1038009655508323,
        -0.00233751174772257,
        -0.06017192880991959,
        0.006660399295901957,
        0.04711056054287733,
        -0.019069002174726988,
        0.028665510486429995
    ],
    "pi_11": [
        0.026831626114365372,
        -0.058635718188532304,
        -0.04579742104486765,
        -0.06898614560701886,
        -0.0028144284804704567,
        -0.009066846976539745,
        -0.036513744977134756,
        0.015209905089176391,
        -0.0003074770122181513,
        0.009560009388411176
    ],
    "pi_12": [
        0.010914731424887145,
        -0.07350318810973278,
        -0.013523516074642748,
        -0.02067184349768129,
        -0.009037755638620667,
        0.02778537573859865,
        -0.04619902954501094,
        -0.012328774392731005,
        0.015496124433968514,
        -0.008215254746564456
    ],
    "pi_13": [
        -0.004029615981592061,
        -0.053492855830899334,
        0.009080722239091937,
        0.020769290192552217,
        -0.003654398756259663,
        0.03897222236684895,
        -0.033140115369600626,
        -0.023382659501539192,
        0.015965415140283247,
        -0.014791340257657715
    ],
    "pi_14": [
        -0.01091999363838093,
        -0.016724930591137988,
        0.021279414436445047,
        0.03533752960003944,
        -0.0023642457795764803,
        0.028855307842765156,
        -0.009744779069880912,
        -0.020660504130507087,
        0.01146009555709496,
        -0.01357899738563804
    ],
    "pi_15": [
        -0.009961549583955898,
        0.011013517821963848,
        0.01773886386268283,
        0.029658521484249276,
        0.0020185917883061223,
        0.009563620800986423,
        0.00800415144010114,
        -0.010109232832972818,
        0.0021646698868516456,
        -0.00636054536246935
    ],
    "pi_16": [
        -0.0041332580882179285,
        0.022808835094610534,
        0.008636838361981217,
        0.012202324418877714,
        0.0018294804977024895,
        -0.006718962028630074,
        0.014524463007458263,
        -0.00046659627603846065,
        -0.0034246715551096156,
        0.0005061605575093575
    ],
    "pi_17": [
        0.0005167980885611583,
        0.018446703305437562,
        -0.00046663395609724715,
        -0.0023471079104440554,
        0.0014956865354029888,
        -0.01313886823874236,
        0.010573152475352551,
        0.004765702799251012,
        -0.005994071962164116,
        0.004722950835068069
    ],
    "pi_18": [
        0.003143370506349158,
        0.00923921000699074,
        -0.005180512193197044,
        -0.008084147825455983,
        0.00019398853495472402,
        -0.010265883535342765,
        0.0026464570768130586,
        0.005026912434850655,
        -0.0037028478487547804,
        0.005381120025740158
    ],
    "pi_19": [
        0.0017029728487767493,
        0.002754498662301906,
        -0.0025844610632105376,
        -0.006636663136273713,
        0.000754014514145996,
        -0.0034271517906596504,
        -0.0009769655406065708,
        0.0011086860362662725,
        -8.323807309356097e-05,
        0.0036065825197916226
    ],
    "u_00": [
        -3.1615260133151593e-12,
        4.7200002559850615e-12
    ],
    "u_01": [
        1.1383244132999633e-12,
        -6.692591291812371e-12
    ],
    "u_02": [
        1.0625887563370023e-12,
        6.880524375620957e-12
    ],
    "u_03": [
        -1.6122779686030073e-12,
        9.72420638816981e-13
    ],
    "u_04": [
        1.2231611885594193e-13,
        -1.4206387310972254e-12
    ],
    "u_05": [
        4.4186418797001256e-15,
        -2.4948772431657162e-12
    ],
    "u_06": [
        3.753100036664231e-13,
        -9.351341332823658e-13
    ],
    "u_07": [
        -2.75273268120026e-14,
        -3.71406293510324e-13
    ],
    "u_08": [
        2.5486881328932077e-16,
        4.968347697094149e-13
    ],
    "u_09": [
        -1.5968981457401563e-13,
        5.318206880195082e-13
    ],
    "u_10": [
        -3.045320535195102e-14,
        5.554093392612282e-13
    ],
    "u_11": [
        -4.861642755445107e-14,
        1.784708211565681e-13
    ],