{
    "lam_0": [
        1.5427923339767424e-12,
        822.1550349622113,
        1815.870018824309,
        222.10306651637637,
        382.5616747293569,
        8.291167440892806,
        1e-16,
        1e-16,
        1e-16,
        1e-16
    ],
    "lam_1": [
        1.7263121372668427e-12,
        11.057997064745951
    ],
    "lam_2": [
        2.535636776907586e-12,
        3.062311487356706e-12
    ],
    "lam_3": [
        3.9331704674738743,
        8.670739704030352e-13
    ],
    "lam_4": [
        2.166133275150633e-12,
        5.0176317704171865e-11
    ],
    "lam_5": [
        1.0446089527982468e-11,
        8.625791324701898e-12
    ],
    "lam_6": [
        3.683296719789999e-12,
        8.848201166845654e-12
    ],
    "pi_0": [
        822.1550349622113,
        1785.2048884301546,
        192.74038669629732,
        322.51977898937923
    ],
    "pi_1": [
        814.8679446125603,
        2114.078116620509,
        134.5314539292655,
        205.2167787293306
    ],
    "pi_2": [
        717.1737102912356,
        1144.0152270885956,
        57.67340041974503,
        61.24984797297368
    ],
    "pi_3": [
        393.1127037943306,
        297.8258068703724,
        1.5020686593986767,
        -0.5067056254246823
    ],
    "pi_4": [
        41.46653211464755,
        -24.041435459823877,
        -5.879510810393436,
        3.464375715903162
    ],
    "pi_5": [
        -8.230434128913855,
        -10.787537681466173,
        -4.102443390785463,
        4.291170137908746
    ],
    "pi_6": [
        -16.262821180627412,
        14.99553440816515,
        -0.047712118331737,
        -0.04819790314323585
    ],
    "u_0": [
        -1.1221786204267115e-09
    ],
    "u_1": [
        -5.21276098891868e-10
    ],
    "u_2": [
        -7.40406523938586e-09
    ],
    "u_3": [
        3.0693419791893994e-08
    ],
    "u_4": [
        -5.1847309570640654e-08
    ],
    "u_5": [
        5.809304872567145e-08
    ],
    "u_6": [
        -5.4819592629207214e-08
    ],
    "x_0": [
        0.0,
        0.0,
        0.0,
        0.0
    ],
    "x_1": [
        -7.154082319225322e-13,
        8.927328531770735e-13,
        -4.003825858367189e-11,
        4.9856632819596236e-11
    ],
    "x_2": [
        -4.8179113405392255e-12,
        5.767246120095713e-12,
        -7.299591947606057e-11,
        7.971585880544446e-11
    ],
    "x_3": [
        -5.1241292621777984e-11,
        4.779307718083981e-11,
        -7.783022534834164e-10,
        6.280655451013778e-10
    ],
    "x_4": [
        1.3268865989139213e-10,
        2.564716164053446e-10,
        3.4618260463109563e-09,
        3.4317343801729128e-09
    ],
    "x_5": [
        -5.953737271257881e-11,
        5.946547453668932e-12,
        -5.7198930132271175e-09,
        -6.864122366855019e-09
    ],
    "x_6": [
        3.907600291789843e-11,
        7.298738645937367e-11,
        6.644248607030889e-09,
        7.53161194348706e-09
    ],
    "x_7": [
        6.739788679141056e-13,
        5.0629256549083416e-12,
        -6.952219397393655e-09,
        -8.088963177228792e-09
    ]
}