{
    "lam_00": [
        10.316813975289543,
        9.574495017310944,
        10.787038583801193,
        9.857527291816762,
        10.765279169895276,
        9.88268627594681,
        10.139391682365737,
        10.533852955085521,
        11.057649431953605,
        11.30995627850399,
        9.720948544969922,
        10.486745717404812,
        9.337090934790906,
        10.167343494484538,
        9.353402893118213,
        10.140741927243882,
        9.883992212168543,
        9.53566275683808,
        9.143496787340023,
        8.978826625214074
    ],
    "pi_00": [
        -0.34444065893031417,
        -0.41262066900554717,
        1.2440794318360002,
        -0.9734812766765614,
        0.6919932696047472,
        -0.08267324002089672,
        0.3849876852312485,
        0.9757388304939018,
        1.7525526963321634,
        1.577981459853871
    ],
    "pi_01": [
        -0.13765996112558385,
        -0.4403391573448693,
        1.242994794727485,
        -0.5448807000232063,
        0.8437194135266809,
        -0.02597470241625773,
        -0.12355384824438999,
        0.4892004310219664,
        1.480953918650432,
        1.288571589173316
    ],
    "pi_02": [
        -0.18366544221465622,
        -0.43328536395236344,
        1.1446439926921614,
        -0.43602311112472875,
        0.7197695965544465,
        -0.011473933618355303,
        -0.06544290760629567,
        0.6988188917369083,
        1.3922316400878942,
        1.026150133020623
    ],
    "pi_03": [
        -0.14056287506990886,
        -0.38965037123132307,
        0.9351158234467737,
        -0.3885051381275182,
        0.5072753400795916,
        0.07085307886954996,
        -0.06539472097134341,
        0.6185209037939036,
        1.2631020261395414,
        0.8210306434477459
    ],
    "pi_04": [
        -0.10146110392286016,
        -0.31009129034336974,
        0.7900553462291884,
        -0.34589827543309315,
        0.42209779437518524,
        0.05126513580940878,
        -0.04343044315518397,
        0.5484951708007955,
        1.059239018048095,
        0.6817262960140215
    ],
    "pi_05": [
        -0.06998353346235481,
        -0.2498905990139911,
        0.6507621279145224,
        -0.29698688656683064,
        0.3375848654713547,
        0.052379902798264925,
        -0.0490395696506611,
        0.4503141492317785,
        0.9045560071557571,
        0.5828631213747065
    ],
    "pi_06": [
        -0.050808168857208895,
        -0.20155529132231412,
        0.5513189814531423,
        -0.2591029456494011,
        0.28447474155789326,
        0.03788793172915168,
        -0.040996552533091174,
        0.38379532889404755,
        0.7661999241696731,
        0.5032770471972563
    ],
    "pi_07": [
        -0.03905801027209882,
        -0.16747920073285769,
        0.46653557885071345,
        -0.22429088972970757,
        0.2388928052077869,
        0.0317128914265686,
        -0.038098775004063,
        0.32193542534041203,
        0.657431458486215,
        0.4375138773708218
    ],
    "pi_08": [
        -0.032496444329632876,
        -0.14226698737369609,
        0.4018143568949939,
        -0.19487646255591348,
        0.2058001195061024,
        0.023445156868458734,
        -0.03184134901471389,
        0.2748210210081256,
        0.5633530896495947,
        0.3800911903126126
    ],
    "pi_09": [
        -0.02954759133221209,
        -0.1241322998949699,
        0.3469828234072131,
        -0.1680221655359345,
        0.17777074913767052,
        0.018304116862550755,
        -0.027037192376276133,
        0.23419747265232355,
        0.48514204967285923,
        0.32939152047713294
    ],
    "pi_10": [
        -0.028666035647818878,
        -0.11054700692258829,
        0.3017448528413924,
        -0.14431338505118654,
        0.1547486013972976,
        0.013477042757943166,
        -0.02150634812586305,
        0.20093603603656301,
        0.4167726220485114,
        0.283438653229916
    ],
    "pi_11": [
        -0.02914802609000641,
        -0.10011607373961885,
        0.2622957047708598,
        -0.12263760484121683,
        0.1345581527816744,
        0.009877748879253948,
        -0.016493230837492615,
        0.17203361439190126,
        0.35717062494406115,
        0.24147500803209201
    ],
    "pi_12": [
        -0.030271547219748847,
        -0.09174232095889089,
        0.22770673353147064,
        -0.102999388085252,
        0.11672183868160407,
        0.0067930866611992016,
        -0.011584586751266572,
        0.14715099941084803,
        0.303818705063666,
        0.20262032646707703
    ],
    "pi_13": [
        -0.031610446272795266,
        -0.08440531777757745,
        0.19646937509840118,
        -0.08473169124543804,
        0.10035627987678254,
        0.004312175452915229,
        -0.006949600628580369,
        0.12521558524107854,
        0.25589500571580787,
        0.16614310406251714
    ],
    "pi_14": [
        -0.03263090460094763,
        -0.07759597891006699,
        0.16729946836366547,
        -0.06804405362499305,
        0.08490751243495798,
        0.002612734252899734,
        -0.002988811376827933,
        0.10624758295177945,
        0.2120840124777344,
        0.1315888864871559
    ],
    "pi_15": [
        -0.032559723042911985,
        -0.0697031172640417,
        0.13997121629717485,
        -0.05194369992927021,
        0.06952854910002051,
        0.0014238882909238994,
        0.0010765415045576891,
        0.08957111615678712,
        0.17198040842089604,
        0.09801111995603098
    ],
    "pi_16": [
        -0.030840971359434425,
        -0.060950805172662055,
        0.11134742932118258,
        -0.03785588251214564,
        0.05375441030885032,
        0.0021006173748911337,
        0.0029255298665766894,
        0.0763406416237388,
        0.13416253838019454,
        0.066404122573462
    ],
    "pi_17": [
        -0.02516080180382877,
        -0.0482726016613985,
        0.08527378658437444,
        -0.0231420474521515,
        0.03534224515964705,
        0.00242753724482841,
        0.006492386746932141,
        0.0650802572168332,
        0.09707886430936603,
        0.036363208501532594
    ],
    "pi_18": [
        -0.018826586448236895,
        -0.03480026858357972,
        0.05144338312298085,
        -0.012110138926933488,
        0.014564057543971857,
        0.004104528352985877,
        0.0057140294312355375,
        0.05736017176480254,
        0.06484347608053935,
        0.01243846610705671
    ],
    "pi_19": [
        -0.005632514539702583,
        -0.018376908978220186,
        0.03229381930592166,
        -0.004095018885701232,
        -0.009582626793047116,
        0.004494663390708342,
        0.01768157334552785,
        0.0401468022306223,
        0.029034948771754072,
        -0.005904113172606975
    ],
    "u_00": [
        -6.720131748164451e-12,
        -1.1759533217391106e-12
    ],
    "u_01": [
        -8.559812919779232e-12,
        -8.803977254796987e-12
    ],
    "u_02": [
        -7.2060921005269105e-12,
        -7.9194030212738e-12
    ],
    "u_03": [
        -6.63419169046834e-12,
        -5.936701176771815e-12
    ],
    "u_04": [
        -4.997741790183606e-12,
        -4.240307195267027e-12
    ],
    "u_05": [
        -4.250678083714092e-12,
        -3.579538100932818e-12
    ],
    "u_06": [
        -3.428868313956092e-12,
        -2.807226348079672e-12
    ],
    "u_07": [
        -2.9408818282906143e-12,
        -2.393874344358473e-12
    ],
    "u_08": [
        -2.4975227371241623e-12,
        -1.99369730455117e-12
    ],
    "u_09": [
        -2.1781602502289176e-12,
        -1.7207635767950858e-12
    ],
    "u_10": [
        -1.9012367736745677e-12,
        -1.4705482806535693e-12
    ],
    "u_11": [
        -1.6736600339406927e-12,
        -1.2629345963797002e-12
    ],
    "u_12": [
        -1.4698426073408164e-12,
        -1.0712609862769187e-12
    ],