{
    "lam_00": [
        3.3525249596637495e-13,
        735.6440875432987,
        1628.8910826418232,
        174.6166134564462,
        326.4736241122106,
        3.353223746492762e-13,
        2.4809236852694028,
        71.79010273619252,
        243.1307956191443,
        0.1699517116497588,
        90.87697774542309,
        2.4809236852694028
    ],
    "lam_01": [
        3.3430171429445533e-13,
        3.3437090541159655e-13,
        1.3788259422055387,
        1.3788259422055387
    ],
    "lam_02": [
        5.694870644581515e-13,
        5.694870644581515e-13,
        8.578524055831575e-13,
        8.578524055831575e-13
    ],
    "lam_03": [
        0.8280972935538,
        0.8280972935538,
        3.3397117758036035e-13,
        3.3403998816795e-13
    ],
    "lam_04": [
        0.8319615249633063,
        0.8319615249633063,
        3.3395264080694017e-13,
        3.340214453329503e-13
    ],
    "lam_05": [
        0.5080436784712827,
        0.5080436784712827,
        3.3378639042106946e-13,
        3.3385497973453654e-13
    ],
    "lam_06": [
        0.18056281709133729,
        0.18056281709133729,
        3.3189168534418545e-13,
        3.319594270423701e-13
    ],
    "lam_07": [
        2.325728702450468e-11,
        2.325728702450468e-11,
        9.279253557158663e-14,
        9.279253557158663e-14
    ],
    "lam_08": [
        1.017982086934251e-14,
        1.0130283907662685e-14,
        0.012413300227592567,
        0.012413300227592567
    ],
    "lam_09": [
        1.2446229091704248e-13,
        1.2446229091704248e-13,
        1.8813476681075374e-08,
        1.8813476681075374e-08
    ],
    "lam_10": [
        3.049660327770359e-12,
        3.049660327770359e-12,
        3.840617871971716e-13,
        3.840617871971716e-13
    ],
    "lam_11": [
        1.7798082372447684e-12,
        1.7798082372447684e-12,
        2.750165031316672e-13,
        2.750165031316672e-13
    ],
    "lam_12": [
        6.420671832118152e-13,
        6.420671832118152e-13,
        6.924324143650462e-13,
        6.924324143650462e-13
    ],
    "lam_13": [
        5.009195955472601e-13,
        5.009195955472601e-13,
        8.845759018339849e-13,
        8.845759018339849e-13
    ],
    "lam_14": [
        5.571070295303088e-13,
        5.571070295303088e-13,
        8.165187362866172e-13,
        8.165187362866172e-13
    ],
    "lam_15": [
        6.322759399246355e-13,
        6.322759399246355e-13,
        7.210555816881087e-13,
        7.210555816881087e-13
    ],
    "lam_16": [
        6.74322565349679e-13,
        6.74322565349679e-13,
        6.754307809591587e-13,
        6.754307809591587e-13
    ],
    "lam_17": [
        6.844001261282912e-13,
        6.844001261282912e-13,
        6.653520442605877e-13,
        6.653520442605877e-13
    ],
    "lam_18": [
        6.817902241766514e-13,
        6.817902241766514e-13,
        6.679380654682384e-13,
        6.679380654682384e-13
    ],
    "lam_19": [
        6.785964590528071e-13,
        6.785964590528071e-13,
        6.711092301383934e-13,
        6.711092301383934e-13
    ],
    "pi_00": [
        663.8539848071218,
        1249.517931252387,
        141.25396250444032,
        178.04236645309516
    ],
    "pi_01": [
        653.8591324634908,
        1261.3351497006724,
        108.55701201333503,
        124.1730148657923
    ],
    "pi_02": [
        614.0845612787579,
        1068.631160735999,
        77.84490643237804,
        72.19238025665302
    ],
    "pi_03": [
        534.0410362499052,
        639.9907515603576,
        51.13464616256466,
        33.46705499216302
    ],
    "pi_04": [
        422.84392819614067,
        361.75204144194794,
        29.98816090244077,
        11.531523158412197
    ],
    "pi_05": [
        299.69458213798833,
        184.4257556495706,
        15.002928823927254,
        0.733715010730405
    ],
    "pi_06": [
        183.46224086917667,
        71.17662870780208,
        5.83309543881782,
        -3.0961517941591614
    ],
    "pi_07": [
        93.28531550066121,
        -4.191435281259389,
        1.176002188211337,
        -2.8202135501645267
    ],
    "pi_08": [
        41.781589242397175,
        -38.79967197041156,
        -0.9047873458997258,
        -0.8569608719602437
    ],
    "pi_09": [
        21.893853020915923,
        -37.03785780752244,
        -1.9951481487248972,
        0.9890887705525927
    ],
    "pi_10": [
        15.155500424764986,
        -23.938200991698917,
        -2.7519928494295423,
        2.1520090735941495
    ],
    "pi_11": [
        10.37117998309647,
        -12.071518017111488,
        -3.27070072108498,
        2.71640586311428
    ],
    "pi_12": [
        4.8789318729912186,
        -4.249306955581157,
        -3.5147818940041216,
        2.8863422704087713
    ],
    "pi_13": [
        -0.7221191396750919,
        0.6761060153619844,
        -3.4785850643250713,
        2.80940296243847
    ],
    "pi_14": [
        -5.561794731130928,
        4.139926546963405,
        -3.2002817664074903,
        2.5618631027545486
    ],
    "pi_15": [
        -9.293822556624198,
        6.840850493557127,
        -2.735361217286898,
        2.184310784373737
    ],
    "pi_16": [
        -11.943466618807689,
        8.950534814575136,
        -2.1379844240211923,
        1.7080558469577547
    ],
    "pi_17": [
        -13.641958270886004,
        10.457073661755686,
        -1.4557095869015102,
        1.1644445277958606
    ],
    "pi_18": [
        -14.49386619570324,
        11.33346674148481,
        -0.7308546468213974,
        0.5856788602140252
    ],
    "pi_19": [
        -14.55094795962546,
        11.569643509630652,
        -0.003151029976317229,
        0.003979276487012925
    ],
    "u_00": [
        -1.0368129771208935e-10
    ],
    "u_01": [
        -2.882062344447588e-10
    ],
    "u_02": [
        -2.646423798826139e-07
    ],
    "u_03": [
        5.903195452806095e-10
    ],
    "u_04": [
        6.319088031157306e-10
    ],
    "u_05": [
        1.177592986718965e-09
    ],
    "u_06": [
        4.320501536831528e-09
    ],
    "u_07": [
        1.1192688047251265e-05
    ],
    "u_08": [
        -1.1526246489548808e-05
    ],
    "u_09": [
        -1.3076211395776638e-05
    ],
    "u_10": [
        1.2993727839888392e-05
    ],
    "u_11": [
        3.176836481530443e-06
    ],
    "u_12": [
        -6.656232716777122e-07
    ],
    "u_13": [
        -1.1076966918294184e-06
    ],
    "u_14": [
        -5.834386378965849e-07
    ],
    "u_15": [
        -1.446779456267108e-07
    ],
    "u_16": [
        2.913394754654533e-08
    ],
    "u_17": [
        4.841008901634424e-08
    ],
    "u_18": [
        2.5934428586659244e-08
    ],
    "u_19": [
        8.692462233831483e-09
    ],
    "x_00": [
        -1.563432465726062e-13,
        6.787709571837737e-13,
        -3.776805278073613e-13,
        -4.170254923339378e-13
    ],
    "x_01": [
        -3.0235438446051103e-13,
        8.041233748005198e-13,
        -5.430104680994078e-12,
        5.28653354087621e-12
    ],
    "x_02": [
        -9.179937770026022e-13,
        1.4445712318698724e-12,
        -1.892329183094169e-11,
        1.9220988389880868e-11
    ],
    "x_03": [
        -3.1539223205415777e-10,
        3.128894066625084e-10,
        -1.2351364768890187e-08,
        1.1430455715258814e-08
    ],
    "x_04": [
        -9.184437026006487e-10,
        9.288581365143238e-10,
        -1.1783022183981559e-08,
        1.377783008349291e-08
    ],
    "x_05": [
        -1.4917384000233798e-09,
        1.7523169126686398e-09,
        -1.1090758649426433e-08,
        1.9897927437618947e-08
    ],
    "x_06": [
        -2.016299319603407e-09,
        3.0056450056520953e-09,
        -9.723476458601551e-09,
        3.131945308090453e-08
    ],
    "x_07": [
        -2.4380697540686433e-09,
        5.0132937812343665e-09,
        -6.913870256778471e-09,
        5.033503644246524e-08
    ],