{
    "lam_00": [
        10.920753581183357,
        10.020167826188473,
        10.52615784971153,
        10.050964334397257,
        10.234049805301042,
        10.240950724114908,
        10.683249450633182,
        10.815542053124139,
        10.079189978205225,
        10.11231755360582,
        9.229710890267262,
        9.988537032144365,
        9.531614963605069,
        9.958127780480293,
        9.784638957897823,
        9.7783385290606,
        9.40626680360427,
        9.306270034978434,
        9.930586426597431,
        9.89861331037676
    ],
    "pi_00": [
        0.07278990755634768,
        -0.022505690951381333,
        0.23564951392472938,
        -0.8397217774997979,
        0.25786517036908024,
        -0.9662712139098256,
        0.8253809733923134,
        -0.9281868559777802,
        -0.31635414988463006,
        0.9627580702376752
    ],
    "pi_01": [
        -0.16698584902998784,
        0.3882009746528563,
        0.2626987374008808,
        -0.6757943805094968,
        -0.27057415277912905,
        0.05923982788504271,
        -0.07223015570884507,
        -0.17516275099553094,
        -0.5143826695285895,
        -0.2686271415348331
    ],
    "pi_02": [
        0.1103016795401636,
        0.08804615968692203,
        0.247612912245015,
        0.010613302711047984,
        0.024501554137305974,
        0.16117786096599826,
        0.1280114044004152,
        0.3343762360143749,
        0.002160606618720595,
        -0.08475186298094435
    ],
    "pi_03": [
        0.03251144522040974,
        -0.030129505247343005,
        0.0990153670791671,
        -0.05971659310256025,
        0.07159743245058445,
        -0.10491959238991141,
        0.1785872672477197,
        -0.04083633839762208,
        0.018994308617060203,
        0.17206522089807122
    ],
    "pi_04": [
        -0.03477953082754095,
        0.04600799164383248,
        0.047034449293599484,
        -0.13132477871154902,
        -0.024578130259055222,
        -0.038261908014105436,
        0.029831465320135614,
        -0.07996697476285386,
        -0.08235246815321227,
        0.01863389226036907
    ],
    "pi_05": [
        0.004872246616952201,
        0.03245332214259671,
        0.04604935437612601,
        -0.032178659896640587,
        -0.012029590530194784,
        0.027814832352849515,
        0.012156550632278556,
        0.03651955230910003,
        -0.025575641047487628,
        -0.029061902045737425
    ],
    "pi_06": [
        0.011757747765269312,
        -0.00013170676807618584,
        0.02559564156224503,
        -0.007117828960378744,
        0.011528064597452453,
        -0.005178823831911605,
        0.030747728835830043,
        0.01239821042443394,
        0.0035646671667595724,
        0.018977219136906445
    ],
    "pi_07": [
        -0.0027684440455211846,
        0.004331747837120174,
        0.01074635097214375,
        -0.021019728701256426,
        0.0005631236884962022,
        -0.011034850598856503,
        0.012643430003740805,
        -0.013703997302909629,
        -0.01036651903024996,
        0.012283164440453548
    ],
    "pi_08": [
        -0.0015418064310287725,
        0.0067817966505644275,
        0.008214192143587849,
        -0.010728295422482924,
        -0.003190545606130682,
        0.0019122694163629936,
        0.0025087094651789926,
        0.000767542239724604,
        -0.007717624991257325,
        -0.0033342451853868625
    ],
    "pi_09": [
        0.0018016529859205775,
        0.0015479275268824191,
        0.005652557250231292,
        -0.0020835002667901545,
        0.0009287070335026785,
        0.0009000053478413727,
        0.0046583017613236145,
        0.003828467928731865,
        -0.0005279201162124076,
        0.0007714683033588904
    ],
    "pi_10": [
        0.0002879527707284542,
        0.00046105107140104385,
        0.0026391556514598733,
        -0.003090843032504801,
        0.0007381597585119891,
        -0.0017983784421086396,
        0.0033015351634356938,
        -0.0012613253180100638,
        -0.0010882793391853393,
        0.0026927572625325257
    ],
    "pi_11": [
        -0.00034989866693181497,
        0.0011259667131603153,
        0.0015777842424950321,
        -0.0025484572515366275,
        -0.0004126542215052896,
        -0.00032009546218675675,
        0.000899401009471488,
        -0.0006746282531887984,
        -0.0016044604628772127,
        0.00018835307579772822
    ],
    "pi_12": [
        0.0001530741040140718,
        0.0005517238669260051,
        0.001143480858702633,
        -0.0007769047543979415,
        -5.45110075801007e-05,
        0.00025136654065963874,
        0.0006949061597929325,
        0.000584420399693152,
        -0.00045311176387695726,
        -0.00010582723098562084
    ],
    "pi_13": [
        0.00013101980057469168,
        0.00012221918814761944,
        0.0006206004771543136,
        -0.0004721032267931682,
        0.0001532783877390965,
        -0.0001928241831246853,
        0.0006734979408380102,
        3.8799572062042294e-05,
        -0.0001416941023975802,
        0.0003960096573942905
    ],
    "pi_14": [
        -3.384240516534309e-05,
        0.00016610818616411168,
        0.00032916020767051544,
        -0.0004927137973732694,
        -1.7140241231653294e-05,
        -0.00013922872176508845,
        0.0002825692931240319,
        -0.00016713441878687726,
        -0.0002632262882574332,
        0.00016381681048454287
    ],
    "pi_15": [
        3.7954854022359843e-06,
        0.00013058079388918013,
        0.00022371222890253014,
        -0.0002313699976945552,
        -3.074636146303752e-05,
        2.1329080499707884e-05,
        0.00012799165535872702,
        4.198504321045181e-05,
        -0.00014270776974221875,
        -1.0010246367010096e-05
    ],
    "pi_16": [
        2.524498335463599e-05,
        4.2596779600515224e-05,
        0.00013179021166286417,
        -9.536540505134395e-05,
        1.7950119791363473e-05,
        -8.616750239429079e-06,
        0.00012063945071576302,
        3.522823824640261e-05,
        -3.922687165048516e-05,
        4.3942362344226984e-05
    ],
    "pi_17": [
        5.014035959931156e-06,
        2.5644335882728695e-05,
        6.27580513156095e-05,
        -8.784142292734159e-05,
        4.424133466054735e-06,
        -2.190329221524848e-05,
        7.010303778234368e-05,
        -2.4631861183726966e-05,
        -3.646573093619281e-05,
        3.772679827479263e-05
    ],
    "pi_18": [
        1.4296480625707271e-05,
        1.8625945562019822e-05,
        3.291568541027278e-05,
        -6.201916832038353e-05,
        -7.463876222173457e-06,
        -4.6899296679748277e-07,
        2.3989363352950416e-05,
        -9.818401632565359e-06,
        -2.174760820750836e-05,
        6.429748612959567e-06
    ],
    "pi_19": [
        1.0554602059236305e-05,
        7.441954348188287e-06,
        7.053336701910819e-06,
        -2.5193826227587264e-05,
        2.046755771507749e-06,
        -4.871970008032003e-06,
        6.399407928232649e-06,
        -1.6477865619463537e-06,
        -1.55010811922151e-05,
        8.105577001768086e-06
    ],
    "u_00": [
        -2.461114943569029e-13,
        1.237844772362484e-12
    ],
    "u_01": [
        -9.827468123947605e-13,
        -1.0433501478279922e-12
    ],
    "u_02": [
        1.1492464271222911e-12,
        3.2451614434395905e-12
    ],
    "u_03": [
        -6.563185018026383e-14,
        7.181885404918963e-13
    ],
    "u_04": [
        -4.913723804404811e-13,
        -8.094128005239594e-14
    ],
    "u_05": [
        7.495753967508647e-14,
        3.165985099681367e-13
    ],
    "u_06": [
        8.524117112896924e-14,
        2.6010323223656204e-13
    ],
    "u_07": [
        -6.813718676159806e-14,
        4.0686077350617945e-14
    ],
    "u_08": [
        -2.2996294314288118e-14,
        4.2219919022219515e-14
    ],
    "u_09": [
        1.5675464678255335e-14,
        4.415664455658386e-14
    ],