{
    "lam_00": [
        4.5104432474427165,
        1e-16,
        4190.538138931846,
        1e-16,
        706.5253934746744,
        0.05,
        0.05,
        2.6740191433366743e-10,
        1274.0613221230672,
        1e-16,
        582.0022869328873,
        1e-16,
        0.03333338591078169,
        0.03333338591078169,
        0.0,
        0.03333322817843663
    ],
    "lam_01": [
        3.151254827785584e-09,
        6.719226001814101e-09,
        0.09999999328077401,
        2.9219644627729494e-10,
        0.04243464262142752,
        0.013550249794393662,
        0.0,
        0.04401510758417882
    ],
    "lam_02": [
        2.674019143984818e-10,
        3.3824314104497647e-09,
        0.09999999661756859,
        3.338791720951246,
        0.04031300711684799,
        0.008711835257906279,
        0.0,
        0.05097515762524574
    ],
    "lam_03": [
        2.674019143214206e-10,
        1.40248407489746e-08,
        0.09999998597515926,
        4.832873396610702,
        0.028415620004727835,
        0.010842427268736889,
        0.0,
        0.06074195272653528
    ],
    "lam_04": [
        2.674019145117772e-10,
        0.09999998827987303,
        1.1720126982402532e-08,
        2.3072305354208993,
        0.012922885141121509,
        0.009038125953998954,
        0.0,
        0.07803898890487954
    ],
    "lam_05": [
        4.5951918562311523e-10,
        0.09999999570986844,
        4.290131575529492e-09,
        6.395901310078681e-10,
        0.004627182851397502,
        0.006428222389452603,
        0.0,
        0.0889445947591499
    ],
    "lam_06": [
        0.08542949934941708,
        0.0999999957346541,
        4.265345908119702e-09,
        2.6740192649029793e-10,
        0.015602038515874536,
        0.001924307221167403,
        0.0,
        0.08247365426295807
    ],
    "lam_07": [
        5.722615682850991e-10,
        1.9259822876445125e-07,
        0.09999980740177125,
        5.019484670561874e-10,
        0.011452137234302075,
        0.00151531846014266,
        0.0,
        0.08703254430555526
    ],
    "lam_08": [
        5.254480490167129e-10,
        6.124966976625291e-08,
        0.09999993875033024,
        5.44498794832405e-10,
        0.008378771268471969,
        0.0012952312719403752,
        0.0,
        0.09032599745958766
    ],
    "lam_09": [
        5.600551973113081e-10,
        9.103790318987971e-08,
        0.09999990896209682,
        5.117308751457096e-10,
        0.00130689702541225,
        0.0007981602676855478,
        0.0,
        0.0978949427069022
    ],
    "pi_00": [
        -1274.044655508978,
        2059.837366379666,
        -454.5978213819891,
        411.3548975365674
    ],
    "pi_01": [
        -1235.700397868945,
        1235.611575300717,
        -331.020070066105,
        259.0954860406386
    ],
    "pi_02": [
        -1087.2223002725746,
        713.5256985347158,
        -222.2835020501782,
        159.3720820518651
    ],
    "pi_03": [
        -835.3450559503327,
        364.74010903756596,
        -138.74260802920878,
        101.19293528539545
    ],
    "pi_04": [
        -557.9587811518367,
        202.80486887359854,
        -82.94801532964867,
        68.04708621336394
    ],
    "pi_05": [
        -331.8585619660699,
        213.45982893533642,
        -49.771175173920135,
        43.285110368911255
    ],
    "pi_06": [
        -202.51543117363738,
        161.58918614382168,
        -29.529965837563353,
        24.26339949318729
    ],
    "pi_07": [
        -136.6909451041507,
        105.13887182671169,
        -15.86323395226232,
        12.813503633531901
    ],
    "pi_08": [
        -92.02015486011084,
        70.90086165825088,
        -6.66308549855628,
        5.351363194032594
    ],
    "pi_09": [
        -66.8187110378195,
        53.51327719093558,
        0.016758735579344305,
        -0.010381078099937742
    ],
    "sl_00": [
        4.278215258361494e-07
    ],
    "sl_01": [
        2.133927795316071e-07
    ],
    "sl_02": [
        4.469470789214239e-06
    ],
    "sl_03": [
        5.672334820217856e-06
    ],
    "sl_04": [
        1.0817788379612132e-06
    ],
    "sl_05": [
        1.4945631583299588e-06
    ],
    "sl_06": [
        3.2010775718412704e-06
    ],
    "sl_07": [
        7.142591114471733e-05
    ],
    "sl_08": [
        7.852802363027737e-05
    ],
    "sl_09": [
        0.0001500351977838453
    ],
    "su_00": [
        6.417610045084958e-07
    ],
    "su_01": [
        6.419096626663077e-07
    ],
    "su_02": [
        3.90750058950861e-07
    ],
    "su_03": [
        4.2496185550608415e-07
    ],
    "su_04": [
        5.429967693125894e-07
    ],
    "su_05": [
        3.408476744048607e-07
    ],
    "su_06": [
        4.0001212103308506e-07
    ],
    "su_07": [
        3.159869004388877e-07
    ],
    "su_08": [
        2.6569735005153367e-07
    ],
    "su_09": [
        2.2620376592355269e-07
    ],
    "u_00": [
        4.740713962795124e-09
    ],
    "u_01": [
        -3.461305279042785e-05
    ],
    "u_02": [
        -6.406655420908669e-09
    ],
    "u_03": [
        -4.426437486719653e-09
    ],
    "u_04": [
        -9.27100166105762e-09
    ],
    "u_05": [
        -0.00024636439745721276
    ],
    "u_06": [
        2.502325980198164e-07
    ],
    "u_07": [
        0.00012074573502746154
    ],
    "u_08": [
        -0.0003106708617597046
    ],
    "u_09": [
        0.005964085882875204
    ],
    "x_00": [
        0.0,
        0.0,
        0.0,
        0.0
    ],
    "x_01": [
        2.3144829460281317e-11,
        2.455771298338518e-11,
        4.673534878198225e-10,
        5.180988224244877e-10
    ],
    "x_02": [
        -1.7223996885514784e-07,
        -2.0610084900929162e-07,
        -3.4503686922165478e-06,
        -4.255559977460142e-06
    ],
    "x_03": [
        -5.141729205221645e-07,
        -6.724965841349695e-07,
        -3.4211778403240727e-06,
        -5.458423802660316e-06
    ],
    "x_04": [
        -8.678678666562495e-07,
        -1.3937900990091173e-06,
        -3.7299157990616258e-06,
        -9.539911195085618e-06
    ],
    "x_05": [
        -1.2806523068342538e-06,
        -2.7161793256737273e-06,
        -4.630282576527707e-06,
        -1.7610099713999796e-05
    ],
    "x_06": [
        -2.9871667281177405e-06,
        -6.205492943076229e-06,
        -2.9469975473243534e-05,
        -5.3262861675510274e-05
    ],
    "x_07": [
        -5.967216685873579e-06,
        -1.2239813586071142e-05,
        -3.06944200489788e-05,
        -7.121199024648478e-05
    ],
    "x_08": [
        -8.510910635693352e-06,
        -1.9633064218194188e-05,
        -2.029715955982873e-05,
        -7.831411157979069e-05
    ],
    "x_09": [
        -1.2201877778574436e-05,
        -3.0910673963262715e-05,
        -5.3714140834966486e-05,
        -0.00014982128317974472
    ],
    "x_10": [
        1.209092631921894e-05,
        -1.073401514537223e-05,
        0.0005399800488699152,
        0.0005583022331275962
    ]
}