{
    "lam_00": [
        1.7664821723145517e-15,
        663.8539834653243,
        1385.760284791479,
        174.44666100491077,
        235.5966453235496,
        4.961847344534309,
        1e-16,
        1e-16,
        1e-16,
        1e-16
    ],
    "lam_01": [
        1.8062570031766538e-15,
        0.0,
        2.7576518670846846,
        6.470378863190709e-14
    ],
    "lam_02": [
        4.9978518962611174e-15,
        0.0,
        1.6755957719934592e-15,
        6.977120574932198e-14
    ],
    "lam_03": [
        1.6561945718618,
        0.0,
        1.8538712331534352e-15,
        7.693817894438695e-14
    ],
    "lam_04": [
        1.6639230307513913,
        0.0,
        1.8532318357748216e-15,
        8.237174484679603e-14
    ],
    "lam_05": [
        1.0160873413676523,
        0.0,
        1.8867956585848386e-15,
        8.360413638631574e-14
    ],
    "lam_06": [
        0.3611256283933365,
        0.0,
        1.9083724084372944e-15,
        8.029952506345269e-14
    ],
    "lam_07": [
        6.810424971008179e-16,
        0.0,
        2.8916367797606907e-15,
        7.340031613543198e-14
    ],
    "lam_08": [
        8.240402015051354e-16,
        0.0,
        0.0248265630939254,
        6.588402586470507e-14
    ],
    "lam_09": [
        2.543364175132051e-15,
        0.0,
        4.403352491633377e-16,
        6.255745415389326e-14
    ],
    "lam_10": [
        4.041031802561133e-15,
        0.0,
        3.2773603869780853e-15,
        6.291110126198157e-14
    ],
    "lam_11": [
        4.787542681357388e-15,
        0.0,
        3.1025604409670366e-15,
        6.36678102156307e-14
    ],
    "lam_12": [
        4.423278405704498e-15,
        0.0,
        3.5088036430160707e-15,
        6.404067396019336e-14
    ],
    "lam_13": [
        4.017880803925897e-15,
        0.0,
        3.8740367721593875e-15,
        6.398356429897196e-14
    ],
    "lam_14": [
        3.848852080505018e-15,
        0.0,
        4.043968465789264e-15,
        6.37517998321585e-14
    ],
    "lam_15": [
        3.84264309408235e-15,
        0.0,
        4.052474565860216e-15,
        6.352847678981827e-14
    ],
    "lam_16": [
        3.889232629259913e-15,
        0.0,
        4.004434493377925e-15,
        6.337080563009338e-14
    ],
    "lam_17": [
        3.928957951707993e-15,
        0.0,
        3.963741316673599e-15,
        6.326518009217518e-14
    ],
    "lam_18": [
        3.947653361826047e-15,
        0.0,
        3.94487841240767e-15,
        6.318319709669942e-14
    ],
    "lam_19": [
        3.9521161269622236e-15,
        0.0,
        3.940445091592578e-15,
        6.310608755822524e-14
    ],
    "pi_00": [
        663.8539834653243,
        1249.51792816401,
        141.25396183164455,
        178.04236553995298
    ],
    "pi_01": [
        653.8591311215886,
        1261.3351448821472,
        108.55701140763435,
        124.173014141478
    ],
    "pi_02": [
        614.0845599364675,
        1068.6311554735519,
        77.8449058937918,
        72.19237978703362
    ],
    "pi_03": [
        534.0410348755436,
        639.9907477053107,
        51.134645692684124,
        33.46705476383154
    ],
    "pi_04": [
        422.843926729292,
        361.75203825672594,
        29.98816050589088,
        11.531523119517095
    ],
    "pi_05": [
        299.69458052134735,
        184.42575246054875,
        15.00292850819834,
        0.7337151383469103
    ],
    "pi_06": [
        183.46223905043962,
        71.17662493456562,
        5.833095214016076,
        -3.0961514970982744
    ],
    "pi_07": [
        93.28531343791903,
        -4.191438988659738,
        1.176002066539852,
        -2.820213086080593
    ],
    "pi_08": [
        41.781588266358874,
        -38.79967339041446,
        -0.904787418225182,
        -0.8569603409933639
    ],
    "pi_09": [
        21.89385441726259,
        -37.03785618948726,
        -1.9951482908994138,
        0.9890892071498025
    ],
    "pi_10": [
        15.155502402950543,
        -23.938198425435083,
        -2.7519930911970976,
        2.1520093737160484
    ],
    "pi_11": [
        10.371180751384019,
        -12.071516593681281,
        -3.2707010013001776,
        2.7164060881324508
    ],
    "pi_12": [
        4.878931664116837,
        -4.249306398433205,
        -3.514782163649182,
        2.8863424647269174
    ],
    "pi_13": [
        -0.7221197824996549,
        0.676106319729151,
        -3.478585301738008,
        2.809403138917032
    ],
    "pi_14": [
        -5.561795494923297,
        4.139926917772529,
        -3.200281965596491,
        2.5618632582537053
    ],
    "pi_15": [
        -9.293823341632875,
        6.8408509923862715,
        -2.735361377219878,
        2.184310912821999
    ],
    "pi_16": [
        -11.943467413583855,
        8.950535402795593,
        -2.1379845442163754,
        1.7080559443307188
    ],
    "pi_17": [
        -13.641959076290915,
        10.457074292095658,
        -1.4557096668257867,
        1.1644445924832405
    ],
    "pi_18": [
        -14.493867002444388,
        11.33346738271698,
        -0.7308546864055652,
        0.5856788921757157
    ],
    "pi_19": [
        -14.550948749345206,
        11.56964414284669,
        -0.0031510300702091323,
        0.0039792766170946466
    ],
    "u_00": [
        1.4938510227002072e-15
    ],
    "u_01": [
        1.0164456353423806e-14
    ],
    "u_02": [
        3.908941596244501e-11
    ],
    "u_03": [
        -2.3852380032045317e-14
    ],
    "u_04": [
        -2.0262166510603974e-14
    ],
    "u_05": [
        -2.9927069936791506e-14
    ],
    "u_06": [
        -8.038524273307202e-14
    ],
    "u_07": [
        1.5896068237750138e-08
    ],
    "u_08": [
        1.2547414496300036e-10
    ],
    "u_09": [
        1.2452513644366225e-08
    ],
    "u_10": [
        -5.27759865291081e-08
    ],
    "u_11": [
        -2.8468781750377132e-08
    ],
    "u_12": [
        4.4296925663244065e-08
    ],
    "u_13": [
        2.586147724692022e-08
    ],
    "u_14": [
        -6.381951012362358e-09
    ],
    "u_15": [
        -1.0877936490678966e-08
    ],
    "u_16": [
        -3.187536718347387e-09
    ],
    "u_17": [
        1.2022066985580698e-09
    ],
    "u_18": [
        1.380004908930718e-09
    ],
    "u_19": [
        4.175753569220462e-10
    ],
    "x_00": [
        0.0,
        0.0,
        0.0,
        0.0
    ],
    "x_01": [
        2.8765380687365366e-14,
        -4.695993011225204e-17,
        1.9497796355705168e-15,
        -1.8615346843343797e-15
    ],
    "x_02": [
        2.879842143755195e-14,
        -1.9262415958179447e-16,
        2.879585065946981e-15,
        -3.794356932059102e-15
    ],
    "x_03": [
        7.547360492729432e-14,
        -4.5353802754810905e-14,
        1.822641633431564e-12,
        -1.6892671242136215e-12
    ],
    "x_04": [
        1.6427515998897836e-13,
        -1.3698053811505846e-13,
        1.7401445800128588e-12,
        -2.0339351659474187e-12
    ],
    "x_05": [
        2.4899166429909994e-13,
        -2.5853295385454755e-13,
        1.6409579533079849e-12,
        -2.9359823966001834e-12
    ],
    "x_06": [
        3.263039826726077e-13,
        -4.4365061957810613e-13,
        1.4449510745835853e-12,
        -4.619451919103028e-12
    ],
    "x_07": [
        3.8955899252290324e-13,
        -7.395285022177727e-13,
        1.0546398010544827e-12,
        -7.40801234103746e-12
    ],
    "x_08": [
        1.9839152637528604e-11,
        1.827169963385957e-11,
        7.846161521603105e-10,
        8.184949548098626e-10
    ],
    "x_09": [
        5.924939861888382e-11,
        5.924170253004111e-11,
        7.897500051384614e-10,
        8.278810030635901e-10
    ],
    "x_10": [
        1.1436271817595562e-10,
        1.219238955160722e-10,
        1.4176745453020785e-09,
        1.6996940650456423e-09
    ],