{
    "lam_00": [
        4.269372479598775,
        1e-16,
        4091.255191245416,
        1e-16,
        687.8651631565325,
        0.05,
        0.05,
        4.474565295220816e-12,
        1262.0217330480436,
        1e-16,
        568.4985913310536,
        1e-16,
        0.03333333333343895,
        0.03333333333343895,
        0.0,
        0.0333333333331221
    ],
    "lam_01": [
        5.20462946828823e-11,
        1.123459518909695e-10,
        0.09999999988765405,
        4.8954378428533844e-12,
        0.03320298576634552,
        0.0336127345101703,
        0.0,
        0.033184279723484186
    ],
    "lam_02": [
        4.474565912284318e-12,
        5.66718967426204e-11,
        0.0999999999433281,
        3.1873386456954167,
        3.651854990998596e-09,
        0.0999999928380608,
        0.0,
        3.51008420137848e-09
    ],
    "lam_03": [
        4.474565172123106e-12,
        2.3626816000819873e-10,
        0.09999999976373185,
        4.6126292628278005,
        3.829019229519026e-09,
        0.09999999276619334,
        0.0,
        3.4047874360122656e-09
    ],
    "lam_04": [
        4.4745669979290934e-12,
        0.09999999980660212,
        1.9339787414148694e-10,
        2.208425152247243,
        2.0772400880414215e-09,
        0.09999999606069615,
        0.0,
        1.8620637746286344e-09
    ],
    "lam_05": [
        8.059907031399208e-12,
        0.09999999992889846,
        7.110153782367264e-11,
        1.0058901818095346e-11,
        1.2319139802230775e-09,
        0.09999999765484231,
        0.0,
        1.1132437036757438e-09
    ],
    "lam_06": [
        0.09799304173189205,
        0.09999999992617985,
        7.382015770198384e-11,
        4.474696240902868e-12,
        1.336589152041174e-08,
        2.3681966259010283e-10,
        0.0,
        0.09999998639728883
    ],
    "lam_07": [
        8.046257248370121e-12,
        1.236198470035843e-09,
        0.09999999876380154,
        1.008098285450543e-11,
        2.3694620571710658e-09,
        2.639911187965317e-10,
        0.0,
        0.09999999736654683
    ],
    "lam_08": [
        1.0127653308725677e-11,
        0.09999999715538135,
        2.8446186510922705e-09,
        8.0174374571979e-12,
        1.3346597989764657e-10,
        0.09999999972787788,
        0.0,
        1.3865614758685693e-10
    ],
    "lam_09": [
        9.339099620784852e-12,
        8.34692794947318e-10,
        0.0999999991653072,
        8.591385615675633e-12,
        0.09999988513590255,
        1.4545976095853156e-09,
        0.0,
        1.1340949983388053e-07
    ],
    "pi_00": [
        -1262.005066381377,
        2015.4514981013308,
        -442.29808469291555,
        399.6200494647777
    ],
    "pi_01": [
        -1223.651577086548,
        1207.533996978212,
        -319.92521545527023,
        250.92416186899442
    ],
    "pi_02": [
        -1075.2220473821515,
        696.634980773421,
        -212.38869051392882,
        153.4050336208232
    ],
    "pi_03": [
        -823.5808312026512,
        360.7392439716291,
        -130.02423644447492,
        96.14375609765338
    ],
    "pi_04": [
        -546.6257573757739,
        208.33961785572697,
        -75.36296495221671,
        62.77727120348763
    ],
    "pi_05": [
        -321.17367890815916,
        204.14123668510413,
        -43.2546369112969,
        38.47997146144932
    ],
    "pi_06": [
        -190.62319515441067,
        151.14445771436274,
        -24.202253177831953,
        20.39281124337903
    ],
    "pi_07": [
        -119.65441948153666,
        87.9123367986892,
        -12.238782520474718,
        10.260595902199531
    ],
    "pi_08": [
        -72.66989477782035,
        58.7226742925793,
        -4.97464629324996,
        3.979116332136405
    ],
    "pi_09": [
        -49.927933183460844,
        40.120334864413444,
        0.016199061107169566,
        -0.013669149315998328
    ],
    "sl_00": [
        7.155678424444886e-09
    ],
    "sl_01": [
        3.5724270231607272e-09
    ],
    "sl_02": [
        -0.09773146044519145
    ],
    "sl_03": [
        -0.10097102095957419
    ],
    "sl_04": [
        -0.0198532302941069
    ],
    "sl_05": [
        -0.030936092300730435
    ],
    "sl_06": [
        0.02428864605400855
    ],
    "sl_07": [
        0.435872613909784
    ],
    "sl_08": [
        -2.4473410928297814
    ],
    "sl_09": [
        0.23443569562717823
    ],
    "su_00": [
        1.0730818823773787e-08
    ],
    "su_01": [
        1.0734022046237539e-08
    ],
    "su_02": [
        0.09773146790236897
    ],
    "su_03": [
        0.10097102841497596
    ],
    "su_04": [
        0.18866337389988283
    ],
    "su_05": [
        0.318545868310505
    ],
    "su_06": [
        3.931353367712031e-09
    ],
    "su_07": [
        3.649236268959792e-09
    ],
    "su_08": [
        2.5761007037262704
    ],
    "su_09": [
        0.006428763233513915
    ],
    "u_00": [
        8.379881254504567e-11
    ],
    "u_01": [
        0.7793567776190138
    ],
    "u_02": [
        -1.1230193586071136e-10
    ],
    "u_03": [
        -7.760143461341683e-11
    ],
    "u_04": [
        -1.6207724944229568e-10
    ],
    "u_05": [
        -13.424233210281825
    ],
    "u_06": [
        3.648410136747023e-09
    ],
    "u_07": [
        34.48569298106033
    ],
    "u_08": [
        -22.66307452212214
    ],
    "u_09": [
        -1.128729915343471
    ],
    "x_00": [
        0.0,
        0.0,
        0.0,
        0.0
    ],
    "x_01": [
        4.0914529368201654e-13,
        4.3409224917976066e-13,
        8.261124887758288e-12,
        9.158120322539949e-12
    ],
    "x_02": [
        0.003893653800870873,
        0.004769859177367378,
        0.07787955038395417,
        0.09773146402534026
    ],
    "x_03": [
        0.01149167910242969,
        0.014346942216554626,
        0.07489443077108855,
        0.1009710245445725
    ],
    "x_04": [
        0.01985323387786997,
        0.028409368752518968,
        0.09588677936531731,
        0.18866337018504759
    ],
    "x_05": [
        0.0309360958812428,
        0.0536470337005175,
        0.12851548261383908,
        0.3185458646651752
    ],
    "x_06": [
        -0.024288642473406848,
        -0.0009542699450938402,
        -1.25199089407835,
        -1.5044807112516514
    ],
    "x_07": [
        -0.1483626932641163,
        -0.14302364899177375,
        -1.2233721052586544,
        -1.3530154696652317
    ],
    "x_08": [
        -0.0999304983330141,
        -0.08333910265953122,
        2.195165689023705,
        2.5761007001290896
    ],
    "x_09": [
        0.006428763158156455,
        0.03266828644489275,
        -0.06879622890517924,
        -0.2344356920320748
    ],
    "x_10": [
        -0.006106145864748478,
        0.0047840396050897625,
        -0.18179278392453288,
        -0.32405581074967316
    ]
}