{
    "lam_00": [
        4.510392263959414,
        1e-16,
        4190.526428885195,
        1e-16,
        706.5235917057175,
        0.05,
        0.05,
        2.59610643812436e-10,
        1274.0597889110452,
        1e-16,
        582.0013659667743,
        1e-16,
        0.033333386660169044,
        0.033333386660169044,
        0.0,
        0.03333322667966192
    ],
    "lam_01": [
        3.0594321608783986e-09,
        6.523448526486109e-09,
        0.09999999347655147,
        2.8368278034316205e-10,
        0.04244714750172879,
        0.01352307421730256,
        0.0,
        0.04402977828096866
    ],
    "lam_02": [
        2.5961064387411907e-10,
        3.2838784308969255e-09,
        0.09999999671612157,
        3.3387702840922797,
        0.040293175137417946,
        0.00893180875722748,
        0.0,
        0.05077501610535458
    ],
    "lam_03": [
        2.596106438007806e-10,
        1.3616214066966123e-08,
        0.09999998638378593,
        4.832852123089263,
        0.028625916303216918,
        0.011213323561056313,
        0.0,
        0.06016076013572677
    ],
    "lam_04": [
        2.596106439819278e-10,
        0.09999998862137767,
        1.1378622331684454e-08,
        2.307218614988982,
        0.013263260140659639,
        0.009414226259264136,
        0.0,
        0.07732251360007623
    ],
    "lam_05": [
        4.461339344245679e-10,
        0.09999999583487382,
        4.165126193591192e-09,
        6.209472196983062e-10,
        0.004621176607357768,
        0.006725272933648347,
        0.0,
        0.0886535504589939
    ],
    "lam_06": [
        0.08543355959002974,
        0.09999999585890049,
        4.141099517233637e-09,
        2.596106553635188e-10,
        0.016475084405640862,
        0.0020884082123841957,
        0.0,
        0.08143650738197494
    ],
    "lam_07": [
        5.555643953813405e-10,
        1.86915509667115e-07,
        0.09999981308449034,
        4.87341103038593e-10,
        0.012303529434646111,
        0.001643709838474334,
        0.0,
        0.08605276072687956
    ],
    "lam_08": [
        5.101579098177091e-10,
        5.9489086827069153e-08,
        0.09999994051091317,
        5.286125086311068e-10,
        0.008413576346739799,
        0.0011536894330003863,
        0.0,
        0.09043273422025982
    ],
    "lam_09": [
        5.437337168011951e-10,
        8.836474530265513e-08,
        0.0999999116352547,
        4.968232784411956e-10,
        0.001252898388335097,
        0.0007902754816391843,
        0.0,
        0.09795682613002572
    ],
    "pi_00": [
        -1274.0431222977054,
        2059.8306727636095,
        -454.59705373700336,
        411.3539873516976
    ],
    "pi_01": [
        -1235.6988771626134,
        1235.6063092568284,
        -331.01945449175236,
        259.0951809054025
    ],
    "pi_02": [
        -1087.2207697615245,
        713.5211169815018,
        -222.2830395289367,
        159.3720484121837
    ],
    "pi_03": [
        -835.3437656468225,
        364.73619817036865,
        -138.74227454030708,
        101.19294632671343
    ],
    "pi_04": [
        -557.9578816782507,
        202.801637606221,
        -82.94777179027355,
        68.04706886117447
    ],
    "pi_05": [
        -331.857730932887,
        213.45738207635557,
        -49.77101474055432,
        43.28507226450157
    ],
    "pi_06": [
        -202.51518197006033,
        161.58766005157472,
        -29.529830248423906,
        24.26338708609842
    ],
    "pi_07": [
        -136.69049279052712,
        105.13917859424565,
        -15.863143517472338,
        12.813365235054182
    ],
    "pi_08": [
        -92.01947654381055,
        70.9012021593734,
        -6.663063131437941,
        5.351326700362734
    ],
    "pi_09": [
        -66.8184851124075,
        53.51300232580566,
        0.016758592727574826,
        -0.010381311412637475
    ],
    "sl_00": [
        4.1535563527589724e-07
    ],
    "sl_01": [
        2.0717491938750198e-07
    ],
    "sl_02": [
        4.230759579540708e-06
    ],
    "sl_03": [
        5.367928163978367e-06
    ],
    "sl_04": [
        1.0281367948662968e-06
    ],
    "sl_05": [
        1.4183749651159977e-06
    ],
    "sl_06": [
        2.950881835753836e-06
    ],
    "sl_07": [
        6.512327168813494e-05
    ],
    "sl_08": [
        8.754030274103589e-05
    ],
    "sl_09": [
        0.0001503823102014708
    ],
    "su_00": [
        6.230619789885814e-07
    ],
    "su_01": [
        6.232064224133182e-07
    ],
    "su_02": [
        3.823098918263574e-07
    ],
    "su_03": [
        4.1494414292772625e-07
    ],
    "su_04": [
        5.293438477884926e-07
    ],
    "su_05": [
        3.3225972425337444e-07
    ],
    "su_06": [
        3.9065410374428227e-07
    ],
    "su_07": [
        3.102060172404561e-07
    ],
    "su_08": [
        2.56681640967347e-07
    ],
    "su_09": [
        2.188884894027614e-07
    ],
    "u_00": [
        4.60260258161526e-09
    ],
    "u_01": [
        -3.272229658590924e-05
    ],
    "u_02": [
        -6.2199679754312355e-09
    ],
    "u_03": [
        -4.29745252423469e-09
    ],
    "u_04": [
        -9.000855271047465e-09
    ],
    "u_05": [
        -0.0002166849332145392
    ],
    "u_06": [
        2.4292783979285176e-07
    ],
    "u_07": [
        -1.4962287177137685e-05
    ],
    "u_08": [
        -0.0002467543921602799
    ],
    "u_09": [
        0.005992162227285446
    ],
    "x_00": [
        0.0,
        0.0,
        0.0,
        0.0
    ],
    "x_01": [
        2.2470550356117198e-11,
        2.3842216784318173e-11,
        4.537367434276041e-10,
        5.030037124726329e-10
    ],
    "x_02": [
        -1.628294697566743e-07,
        -1.9484038667336365e-07,
        -3.2618783776372016e-06,
        -4.023081717442485e-06
    ],
    "x_03": [
        -4.860837541016714e-07,
        -6.357580896386365e-07,
        -3.234297956055884e-06,
        -5.160250111753131e-06
    ],
    "x_04": [
        -8.20458785938609e-07,
        -1.3176500838954853e-06,
        -3.526180468343139e-06,
        -9.018782774305806e-06
    ],
    "x_05": [
        -1.2106970651186208e-06,
        -2.5678031409159448e-06,
        -4.377386348859572e-06,
        -1.6648148022134647e-05
    ],
    "x_06": [
        -2.7432039436002116e-06,
        -5.76944313004339e-06,
        -2.623931393764086e-05,
        -4.835386389817109e-05
    ],
    "x_07": [
        -5.397665018726264e-06,
        -1.1259296794156114e-05,
        -2.7368324472852076e-05,
        -6.491558411498092e-05
    ],
    "x_08": [
        -8.280380560849195e-06,
        -1.8785667719625933e-05,
        -3.0412128216223418e-05,
        -8.733262372750444e-05
    ],
    "x_09": [
        -1.2660984137830366e-05,
        -3.0527277036399146e-05,
        -5.739616487500253e-05,
        -0.00015017462869862012
    ],
    "x_10": [
        1.1405953392618904e-05,
        -1.0183281088200839e-05,
        0.0005391477234926855,
        0.0005620412387638805
    ]
}