{
    "lam_00": [
        4.510443012194006,
        1e-16,
        4190.5380847307215,
        1e-16,
        706.5253851392255,
        0.05,
        0.05,
        2.6736580006050576e-10,
        1274.0613149919418,
        1e-16,
        582.0022826655533,
        1e-16,
        0.03333338591421192,
        0.03333338591421192,
        0.0,
        0.03333322817157616
    ],
    "lam_01": [
        3.1508292082814193e-09,
        6.718318529663641e-09,
        0.09999999328168147,
        2.921569835492241e-10,
        0.04243469809102579,
        0.013550129249259161,
        0.0,
        0.04401517265971505
    ],
    "lam_02": [
        2.6736580012530606e-10,
        3.381974595595318e-09,
        0.0999999966180254,
        3.3387916225167324,
        0.04031292040507467,
        0.008712859097867252,
        0.0,
        0.05097422049705808
    ],
    "lam_03": [
        2.6736580004826204e-10,
        1.4022946676299224e-08,
        0.09999998597705334,
        4.832873299176548,
        0.028416623082326918,
        0.010844146354341094,
        0.0,
        0.06073923056333199
    ],
    "lam_04": [
        2.67365800238575e-10,
        0.09999998828145598,
        1.1718544028935824e-08,
        2.3072304807533466,
        0.012924466786784331,
        0.009039859838255348,
        0.0,
        0.07803567337496033
    ],
    "lam_05": [
        4.594571427752299e-10,
        0.09999999571044786,
        4.289552146892156e-09,
        6.395037154700609e-10,
        0.0046271646030093426,
        0.0064295879629836915,
        0.0,
        0.08894324743400697
    ],
    "lam_06": [
        0.08542951916181513,
        0.09999999573523,
        4.26477000518295e-09,
        2.673658122142794e-10,
        0.015606071718201685,
        0.0019250520405597756,
        0.0,
        0.08246887624123855
    ],
    "lam_07": [
        5.721841677323995e-10,
        1.925718738148368e-07,
        0.0999998074281262,
        5.018807628513474e-10,
        0.011456034781726177,
        0.001515900828431966,
        0.0,
        0.08702806438984187
    ],
    "lam_08": [
        5.253771808859588e-10,
        6.124151492652754e-08,
        0.09999993875848508,
        5.444251529109318e-10,
        0.008379073893067208,
        0.0012945421352150766,
        0.0,
        0.09032638397171772
    ],
    "lam_09": [
        5.599795428482843e-10,
        9.102550655453229e-08,
        0.09999990897449344,
        5.116617757580474e-10,
        0.0013066482009052222,
        0.0007981176031069829,
        0.0,
        0.09789523419598781
    ],
    "pi_00": [
        -1274.044648377856,
        2059.837335378524,
        -454.59781782776724,
        411.35489332876705
    ],
    "pi_01": [
        -1235.7003907932929,
        1235.6115509111503,
        -331.0200672194484,
        259.0954846296611
    ],
    "pi_02": [
        -1087.2222931574981,
        713.5256773299027,
        -222.2834999150387,
        159.3720818925699
    ],
    "pi_03": [
        -835.3450499793927,
        364.74009096848005,
        -138.74260649117264,
        101.1929353290577
    ],
    "pi_04": [
        -557.9587770004855,
        202.80485396064537,
        -82.94801420675786,
        68.04708612933334
    ],
    "pi_05": [
        -331.85855814755746,
        213.45981769670348,
        -49.771174432893254,
        43.2851101913365
    ],
    "pi_06": [
        -202.51543001925026,
        161.58917921666412,
        -29.529965211617007,
        24.263399437890808
    ],
    "pi_07": [
        -136.69094288724665,
        105.13887351055519,
        -15.863233547644064,
        12.813502982935658
    ],
    "pi_08": [
        -92.0201517498328,
        70.9008634369368,
        -6.663085406082329,
        5.351363027634343
    ],
    "pi_09": [
        -66.81871010177336,
        53.513276004941034,
        0.016758734841225333,
        -0.010381079263891866
    ],
    "sl_00": [
        4.2776374367212216e-07
    ],
    "sl_01": [
        2.1336395847475483e-07
    ],
    "sl_02": [
        4.468335075716578e-06
    ],
    "sl_03": [
        5.670886332683696e-06
    ],
    "sl_04": [
        1.081524234342083e-06
    ],
    "sl_05": [
        1.4942012135023135e-06
    ],
    "sl_06": [
        3.19987284976452e-06
    ],
    "sl_07": [
        7.139548201106956e-05
    ],
    "sl_08": [
        7.85686407094269e-05
    ],
    "sl_09": [
        0.00015003791070046445
    ],
    "su_00": [
        6.416743303651677e-07
    ],
    "su_01": [
        6.418229690105914e-07
    ],
    "su_02": [
        3.9071158206693107e-07
    ],
    "su_03": [
        4.249157756941116e-07
    ],
    "su_04": [
        5.429338930897502e-07
    ],
    "su_05": [
        3.4080805371058237e-07
    ],
    "su_06": [
        3.9996945988576924e-07
    ],
    "su_07": [
        3.159606200411133e-07
    ],
    "su_08": [
        2.6565556935022433e-07
    ],
    "su_09": [
        2.2616973085289076e-07
    ],
    "u_00": [
        4.740073755358861e-09
    ],
    "u_01": [
        -3.460405098254194e-05
    ],
    "u_02": [
        -6.405790079662261e-09
    ],
    "u_03": [
        -4.425839610872645e-09
    ],
    "u_04": [
        -9.269749437377584e-09
    ],
    "u_05": [
        -0.0002462202174117631
    ],
    "u_06": [
        2.5019872992288104e-07
    ],
    "u_07": [
        0.00012011372901831325
    ],
    "u_08": [
        -0.00031039611527040986
    ],
    "u_09": [
        0.005964200829674736
    ],
    "x_00": [
        0.0,
        0.0,
        0.0,
        0.0
    ],
    "x_01": [
        2.314170387792224e-11,
        2.4554396598850497e-11,
        4.672903743528838e-10,
        5.180288560782515e-10
    ],
    "x_02": [
        -1.72195165509708e-07,
        -2.0604723811660246e-07,
        -3.449471296378787e-06,
        -4.2544531554054544e-06
    ],
    "x_03": [
        -5.140391888458117e-07,
        -6.723216730598811e-07,
        -3.4202881135092096e-06,
        -5.4570042057591e-06
    ],
    "x_04": [
        -8.676421540970651e-07,
        -1.3934275981603565e-06,
        -3.7289458275395307e-06,
        -9.537430112001411e-06
    ],
    "x_05": [
        -1.2803192530120894e-06,
        -2.715472908707221e-06,
        -4.629078551366083e-06,
        -1.7605519845248216e-05
    ],
    "x_06": [
        -2.9859908971573052e-06,
        -6.203399652565666e-06,
        -2.9454306859251062e-05,
        -5.3239134864678164e-05
    ],
    "x_07": [
        -5.96446183942299e-06,
        -1.2235090052913322e-05,
        -3.067829196021142e-05,
        -7.118159000571373e-05
    ],
    "x_08": [
        -8.509669957671162e-06,
        -1.962884066260259e-05,
        -2.034360740606705e-05,
        -7.835475755037436e-05
    ],
    "x_09": [
        -1.2203895991574895e-05,
        -3.090859835593556e-05,
        -5.373289136583026e-05,
        -0.00014982402498821544
    ],
    "x_10": [
        1.208761807213033e-05,
        -1.0731352143978656e-05,
        0.0005399730092153857,
        0.0005583168593476367
    ]
}