{
    "lam_00": [
        5.353910641153517e-16,
        1026.7148139633418,
        1692.1613348684682,
        343.9571311321325,
        426.39627462890496,
        5.354014576397484e-16,
        2.468595502804946,
        371.89012894061506,
        302.701590234817,
        173.21218110147163,
        193.90944673003648,
        2.468595502804946
    ],
    "lam_01": [
        5.353944232958193e-16,
        5.354047721524629e-16,
        1.3586297079054774,
        1.3586297079054774
    ],
    "lam_02": [
        9.195749068825227e-16,
        9.195749068825227e-16,
        1.285586715730356e-15,
        1.285586715730356e-15
    ],
    "lam_03": [
        0.7944853576687703,
        0.7944853576687703,
        5.354661034589806e-16,
        5.35476435772012e-16
    ],
    "lam_04": [
        0.7710455261079545,
        0.7710455261079545,
        5.354694932451309e-16,
        5.354798247309817e-16
    ],
    "lam_05": [
        0.4605153790343988,
        0.4605153790343988,
        5.355579875086036e-16,
        5.355683239575381e-16
    ],
    "lam_06": [
        0.16141064828820467,
        0.16141064828820467,
        5.354986248919438e-16,
        5.355089894650191e-16
    ],
    "lam_07": [
        3.2638331252266463e-15,
        3.2638331252266463e-15,
        5.433908527236245e-16,
        5.433908527236245e-16
    ],
    "lam_08": [
        5.038211155041407e-16,
        5.038211155041407e-16,
        0.014938214389946441,
        0.014938214389946441
    ],
    "lam_09": [
        2.3560789576882096e-16,
        2.356128406545228e-16,
        3.6338553007796474e-12,
        3.6338553007796474e-12
    ],
    "lam_10": [
        1.4705029416665854e-15,
        1.470536664165798e-15,
        1e-16,
        1e-16
    ],
    "lam_11": [
        1.2281661818367809e-15,
        1.2281661818367809e-15,
        8.13913035055913e-16,
        8.13913035055913e-16
    ],
    "lam_12": [
        1.0983084077261713e-15,
        1.0983084077261713e-15,
        1.0446606065561423e-15,
        1.0446606065561423e-15
    ],
    "lam_13": [
        1.0087632625703601e-15,
        1.0087632625703601e-15,
        1.1260436131920355e-15,
        1.1260436131920355e-15
    ],
    "lam_14": [
        1.0270922068616347e-15,
        1.0270922068616347e-15,
        1.1164672820291438e-15,
        1.1164672820291438e-15
    ],
    "lam_15": [
        1.0546786918708068e-15,
        1.0546786918708068e-15,
        1.0884656681577559e-15,
        1.0884656681577559e-15
    ],
    "lam_16": [
        1.068350177525128e-15,
        1.068350177525128e-15,
        1.0738145607757942e-15,
        1.0738145607757942e-15
    ],
    "lam_17": [
        1.0716158716942364e-15,
        1.0716158716942364e-15,
        1.0704452787785758e-15,
        1.0704452787785758e-15
    ],
    "lam_18": [
        1.0717006163479924e-15,
        1.0717006163479924e-15,
        1.070398516604187e-15,
        1.070398516604187e-15
    ],
    "lam_19": [
        1.0722195232898592e-15,
        1.0722195232898592e-15,
        1.0698865364727697e-15,
        1.0698865364727697e-15
    ],
    "pi_00": [
        654.8246850227268,
        1250.5363932822945,
        138.0037157795243,
        174.80439790256492
    ],
    "pi_01": [
        644.8298326789876,
        1255.7344530085006,
        105.75823027764413,
        121.01554933786394
    ],
    "pi_02": [
        605.0552614938518,
        1047.3920077631628,
        75.49758968593238,
        69.72768827165994
    ],
    "pi_03": [
        525.1069037829219,
        627.7686508959933,
        49.23407345903043,
        31.937748161455332
    ],
    "pi_04": [
        414.1878378808339,
        356.9505335113796,
        28.520428478964746,
        10.772548774801697
    ],
    "pi_05": [
        291.4835246689934,
        182.9613291657982,
        13.945779760103624,
        0.3978144285815141
    ],
    "pi_06": [
        175.82460825516728,
        70.54186881698487,
        5.157847540888827,
        -3.247348708365734
    ],
    "pi_07": [
        86.27338309657347,
        -1.0449708841175553,
        0.8513519212855467,
        -2.9865515873916757
    ],
    "pi_08": [
        35.81819411177342,
        -39.20759038036658,
        -0.9310859039414752,
        -1.0235093371706667
    ],
    "pi_09": [
        17.928042294749034,
        -37.150745756619806,
        -1.822971002749484,
        0.8316282095001877
    ],
    "pi_10": [
        13.247468953676469,
        -23.755134466832825,
        -2.484558203221968,
        1.96145109891342
    ],
    "pi_11": [
        9.740501421333308,
        -11.500575035616414,
        -2.9719019573128205,
        2.499239295124219
    ],
    "pi_12": [
        4.871147268311238,
        -3.8725778120188146,
        -3.21568600155697,
        2.652622939219673
    ],
    "pi_13": [
        -0.3980523537866532,
        0.6049631422347335,
        -3.195716747537865,
        2.5806237988453513
    ],
    "pi_14": [
        -4.983376414511031,
        3.741912326256284,
        -2.9463410692923215,
        2.3557431510943605
    ],
    "pi_15": [
        -8.499504775168367,
        6.236373995181518,
        -2.521145086710799,
        2.01130372407089
    ],
    "pi_16": [
        -10.982640343805187,
        8.208102290674862,
        -1.97182067682808,
        1.5744887314270921
    ],
    "pi_17": [
        -12.57101886154674,
        9.623535159277047,
        -1.343104290154471,
        1.0741821737031991
    ],
    "pi_18": [
        -13.369421350730887,
        10.450082460864516,
        -0.6744827491534781,
        0.5405196617380967
    ],
    "pi_19": [
        -13.428100950898575,
        10.676828727152653,
        -0.0029323616618856596,
        0.003706708283159633
    ],
    "u_00": [
        7.571332961916365e-13
    ],
    "u_01": [
        1.4618746482388505e-12
    ],
    "u_02": [
        2.994282879763912
    ],
    "u_03": [
        -3.4134980596009295e-12
    ],
    "u_04": [
        -2.3996207412335224e-12
    ],
    "u_05": [
        -4.687892977452146e-12
    ],
    "u_06": [
        -2.571998951724576e-11
    ],
    "u_07": [
        33.09860650380866
    ],
    "u_08": [
        14.86586178135888
    ],
    "u_09": [
        -5.76276616882323
    ],
    "u_10": [
        -57.73063149258197
    ],
    "u_11": [
        -4.358089824304736
    ],
    "u_12": [
        14.20785361116
    ],
    "u_13": [
        9.963934571342746
    ],
    "u_14": [
        3.7433744332880443
    ],
    "u_15": [
        0.5800511018354476
    ],
    "u_16": [
        -0.24959356848513303
    ],
    "u_17": [
        -0.18659386691023258
    ],
    "u_18": [
        -0.05838056569331773
    ],
    "u_19": [
        -0.08551832929544152
    ],
    "x_00": [
        -7.073715926932145e-16,
        -1.1627603133597096e-18,
        -3.8148807355856985e-16,
        -9.989359169882407e-16
    ],
    "x_01": [
        2.3293206130278963e-16,
        -1.2273228221918318e-15,
        3.733987930739183e-14,
        -4.849937763980444e-14
    ],
    "x_02": [
        3.866088013150284e-15,
        -5.2434359231575244e-15,
        1.0563583918880066e-13,
        -1.2255320959165917e-13
    ],
    "x_03": [
        0.003376324239608153,
        -0.002749497352812912,
        0.12617978007536013,
        -0.06548436954456562
    ],
    "x_04": [
        0.010239577807865446,
        -0.022329527248271988,
        0.1466433250083044,
        -0.7710018934217963
    ],
    "x_05": [
        0.015419184875081895,
        -0.06491480240822828,
        0.057488711578880684,
        -0.9837327048327523
    ],
    "x_06": [
        0.01671337231348875,
        -0.12403447297891773,
        -0.012045222677413021,
        -1.433547901894775
    ],
    "x_07": [
        0.010917752978556256,
        -0.21518072569519528,
        -0.24947553694643754,
        -2.2937809316706415
    ],