{
    "lam_00": [
        4.509492983711941,
        1e-16,
        4190.332500614003,
        1e-16,
        706.4936846628149,
        0.05,
        0.05,
        1.3889479968047874e-10,
        1274.0371154515224,
        1e-16,
        581.9867383083665,
        1e-16,
        0.03333340247009335,
        0.03333340247009335,
        0.0,
        0.03333319505981331
    ],
    "lam_01": [
        1.6367980477155747e-09,
        3.4901239803949526e-09,
        0.09999999650987602,
        1.5177397948593882e-10,
        0.04277771111554328,
        0.012804639305288735,
        0.0,
        0.04441764957916799
    ],
    "lam_02": [
        1.38894799704151e-10,
        1.756919213554712e-09,
        0.0999999982430808,
        3.3383704647962293,
        0.039734449148742294,
        0.012413855627390656,
        0.0,
        0.04785169522386705
    ],
    "lam_03": [
        1.3889479967599853e-10,
        7.2849400519616426e-09,
        0.09999999271505997,
        4.832439902645068,
        0.0308559524629543,
        0.01743056995147268,
        0.0,
        0.05171347758557303
    ],
    "lam_04": [
        1.3889479974545027e-10,
        0.09999999391241833,
        6.087581672025118e-09,
        2.306986359973829,
        0.0186728510325304,
        0.01627082333696352,
        0.0,
        0.06505632563050609
    ],
    "lam_05": [
        2.3871453478769906e-10,
        0.09999999777163765,
        2.2283623517065736e-09,
        3.321608456816975e-10,
        0.0040590818685364,
        0.012429950307340284,
        0.0,
        0.08351096782412332
    ],
    "lam_06": [
        0.08547144061125676,
        0.0999999977842199,
        2.2157801007410207e-09,
        1.3889480400516986e-10,
        0.029857078308242836,
        0.005494122114337859,
        0.0,
        0.06464879957741931
    ],
    "lam_07": [
        2.970760267949649e-10,
        9.946775205765391e-08,
        0.09999990053224794,
        2.6085468451755153e-10,
        0.027032527926715573,
        0.0043859920376876005,
        0.0,
        0.06858148003559683
    ],
    "lam_08": [
        2.730641115538474e-10,
        3.198522520035887e-08,
        0.0999999680147748,
        2.8268148929218726e-10,
        0.0037898633317760624,
        0.00013225699837726484,
        0.0,
        0.09607787966984668
    ],
    "lam_09": [
        2.9088633054937656e-10,
        4.716573271175659e-08,
        0.0999999528342673,
        2.6582122367744366e-10,
        0.00049489650708214,
        0.0009015838473095687,
        0.0,
        0.0986035196456083
    ],
    "pi_00": [
        -1274.0204488539925,
        2059.7202919558385,
        -454.5846934229669,
        411.33882819787704
    ],
    "pi_01": [
        -1235.676534283458,
        1235.5190053301735,
        -331.00932846563103,
        259.09030141973636
    ],
    "pi_02": [
        -1087.1979987817658,
        713.4438917421107,
        -222.27519062691675,
        159.37189424037638
    ],
    "pi_03": [
        -835.3236143092084,
        364.66813508980835,
        -138.7364407979489,
        101.19367616424911
    ],
    "pi_04": [
        -557.9437970234396,
        202.74439704328913,
        -82.94334654163173,
        68.04701805780671
    ],
    "pi_05": [
        -331.84405373059667,
        213.41177479036378,
        -49.76795724718763,
        43.28434340907286
    ],
    "pi_06": [
        -202.51086464120837,
        161.5557178662634,
        -29.527203450409957,
        24.262989144736718
    ],
    "pi_07": [
        -136.68647935053588,
        105.13298600767197,
        -15.860917013647144,
        12.811312327322478
    ],
    "pi_08": [
        -92.00606915116826,
        70.89817127394996,
        -6.662180351248288,
        5.3505584100447905
    ],
    "pi_09": [
        -66.80965483183473,
        53.50442915985964,
        0.01675930775118697,
        -0.01038185379390551
    ],
    "sl_00": [
        2.2221207117417075e-07
    ],
    "sl_01": [
        1.1083690197137335e-07
    ],
    "sl_02": [
        1.5795995777261373e-06
    ],
    "sl_03": [
        1.9948390312946605e-06
    ],
    "sl_04": [
        4.1059272424106707e-07
    ],
    "sl_05": [
        5.530535120684642e-07
    ],
    "sl_06": [
        7.305165421196943e-07
    ],
    "sl_07": [
        1.2281961608114357e-05
    ],
    "sl_08": [
        0.00027870144773132837
    ],
    "sl_09": [
        0.00011283205024052175
    ],
    "su_00": [
        3.3334425105251134e-07
    ],
    "su_01": [
        3.33422328152021e-07
    ],
    "su_02": [
        2.2656848930670388e-07
    ],
    "su_03": [
        2.4355603972682306e-07
    ],
    "su_04": [
        3.00672377401944e-07
    ],
    "su_05": [
        1.9175558960700557e-07
    ],
    "su_06": [
        2.222146703494025e-07
    ],
    "su_07": [
        1.9585965373001875e-07
    ],
    "su_08": [
        1.2311385543957908e-07
    ],
    "su_09": [
        1.1233438895339253e-07
    ],
    "u_00": [
        2.462528400409377e-09
    ],
    "u_01": [
        -1.1945047837874661e-05
    ],
    "u_02": [
        -3.3276276750892215e-09
    ],
    "u_03": [
        -2.299084331002218e-09
    ],
    "u_04": [
        -4.815307038261374e-09
    ],
    "u_05": [
        -2.3730243626972564e-06
    ],
    "u_06": [
        1.299532250361347e-07
    ],
    "u_07": [
        -0.0020787309131718897
    ],
    "u_08": [
        0.0016334520052523672
    ],
    "u_09": [
        0.0070721309949475595
    ],
    "x_00": [
        0.0,
        0.0,
        0.0,
        0.0
    ],
    "x_01": [
        1.2022436261101704e-11,
        1.2756264769988988e-11,
        2.427639302510626e-10,
        2.691232146611659e-10
    ],
    "x_02": [
        -5.9428117783600075e-08,
        -7.111179088678181e-08,
        -1.1906449065953068e-06,
        -1.4684935549912985e-06
    ],
    "x_03": [
        -1.774257351368861e-07,
        -2.3206119807152826e-07,
        -1.1806509356454967e-06,
        -1.8837330067533417e-06
    ],
    "x_04": [
        -2.9948670170730214e-07,
        -4.80992107299864e-07,
        -1.287201852940888e-06,
        -3.292495531219573e-06
    ],
    "x_05": [
        -4.419474686088949e-07,
        -9.374302902073432e-07,
        -1.5981876215066749e-06,
        -6.079104376342422e-06
    ],
    "x_06": [
        -6.194105057052395e-07,
        -1.6488281152485938e-06,
        -1.9145023782903104e-06,
        -8.213692934644117e-06
    ],
    "x_07": [
        -8.192066540318742e-07,
        -2.634220881054404e-06,
        -2.193006777552116e-06,
        -1.217085033554857e-05
    ],
    "x_08": [
        -1.1433452971860716e-05,
        -1.697752362545334e-05,
        -0.00021046194670011384,
        -0.0002785903415974839
    ],
    "x_09": [
        -2.4445367563068016e-05,
        -3.634071842136989e-05,
        -5.0011170788388714e-05,
        -0.00011272094237432166
    ],
    "x_10": [
        5.741959807293668e-06,
        -5.7522430724655405e-06,
        0.0006543521295417241,
        0.0007318639152636842
    ]
}