{
    "lam_00": [
        1.049405211317606e-14,
        729.3842369846541,
        1647.3720403310413,
        222.82260365054347,
        304.00713957838315,
        1.049421541517259e-14,
        2.0452065835381936,
        144.00206361846307,
        323.16319450660944,
        78.72509702928281,
        106.92682398304446,
        2.0452065835381936
    ],
    "lam_01": [
        1.049670062969217e-14,
        1.0496864030950373e-14,
        1.0380360831832025,
        1.0380360831832025
    ],
    "lam_02": [
        1.889652231539084e-14,
        1.889652231539084e-14,
        2.4368707407863113e-14,
        2.4368707407863113e-14
    ],
    "lam_03": [
        0.4522413576096823,
        0.4522413576096823,
        1.3906012752179428e-14,
        1.3906012752179428e-14
    ],
    "lam_04": [
        0.5557458985733927,
        0.5557458985733927,
        1.0498611661752628e-14,
        1.0498775274769069e-14
    ],
    "lam_05": [
        0.26793421541856033,
        0.26793421541856033,
        1.0495922586916724e-14,
        1.0496086603597304e-14
    ],
    "lam_06": [
        0.062051945411549715,
        0.062051945411549715,
        1.0326936039780919e-14,
        1.0327092909621006e-14
    ],
    "lam_07": [
        8.816137294939637e-13,
        8.816137294939637e-13,
        1.2612724946895895e-14,
        1.2613241405383149e-14
    ],
    "lam_08": [
        2.2678396304530573e-14,
        2.2678396304530573e-14,
        3.6868370102483206e-14,
        3.6868370102483206e-14
    ],
    "lam_09": [
        1.0308797113765599e-14,
        1.0308959932688651e-14,
        0.04523227031715003,
        0.04523227031715003
    ],
    "lam_10": [
        3.576272154877287e-15,
        3.576335081815206e-15,
        0.007211504651125161,
        0.007211504651125161
    ],
    "lam_11": [
        6.728868741502361e-14,
        6.729133808551803e-14,
        1.842597421080876e-16,
        1.842597421080876e-16
    ],
    "lam_12": [
        1.4204642231459706e-13,
        1.4204642231459706e-13,
        1.5606470714650034e-14,
        1.5606470714650034e-14
    ],
    "lam_13": [
        2.4427774509286063e-14,
        2.4427774509286063e-14,
        1.9665444729750655e-14,
        1.9665444729750655e-14
    ],
    "lam_14": [
        1.9149047314896032e-14,
        1.9149047314896032e-14,
        2.2449743902939782e-14,
        2.2449743902939782e-14
    ],
    "lam_15": [
        1.9533102674180197e-14,
        1.9533102674180197e-14,
        2.2685059376713585e-14,
        2.2685059376713585e-14
    ],
    "lam_16": [
        2.0308590229155945e-14,
        2.0308590229155945e-14,
        2.175610137633107e-14,
        2.175610137633107e-14
    ],
    "lam_17": [
        2.0818196014725474e-14,
        2.0818196014725474e-14,
        2.115200925078378e-14,
        2.115200925078378e-14
    ],
    "lam_18": [
        2.1009042040392745e-14,
        2.1009042040392745e-14,
        2.0953044950330114e-14,
        2.0953044950330114e-14
    ],
    "lam_19": [
        2.101797339401661e-14,
        2.101797339401661e-14,
        2.0944715095977917e-14,
        2.0944715095977917e-14
    ],
    "pi_00": [
        585.382173366191,
        1156.07224969857,
        114.82839795295112,
        143.28721664204147
    ],
    "pi_01": [
        575.3873210224517,
        1100.464617831369,
        86.05503803389776,
        95.40144905795015
    ],
    "pi_02": [
        535.6127498373168,
        704.015381362537,
        59.26652302501276,
        56.845206636225186
    ],
    "pi_03": [
        456.00202455034844,
        622.9833768428125,
        36.45837693951955,
        27.77977657863202
    ],
    "pi_04": [
        346.1069164290481,
        362.29286903723425,
        19.14892467536818,
        6.308098006575131
    ],
    "pi_05": [
        224.94452170471735,
        202.68055065269206,
        7.901283593432437,
        -3.99179789982455
    ],
    "pi_06": [
        110.95694252224176,
        100.19583097304314,
        2.356722615641238,
        -8.228829768954311
    ],
    "pi_07": [
        22.497492661505163,
        36.74831219767179,
        1.2387720422544253,
        -9.070607522374619
    ],
    "pi_08": [
        -25.07852891175244,
        -6.102077801050019,
        2.502121180812253,
        -8.151221846114122
    ],
    "pi_09": [
        -32.33386307717322,
        -44.46588961796261,
        4.125520603253561,
        -6.147652980391557
    ],
    "pi_10": [
        -16.512415956460593,
        -34.027788767689714,
        4.953624067250166,
        -4.420776504644842
    ],
    "pi_11": [
        1.1956311407218803,
        -14.592046227153858,
        4.89216971709324,
        -3.596197439945041
    ],
    "pi_12": [
        10.21537869950566,
        -6.381366023321743,
        4.379600747246651,
        -3.222052206718158
    ],
    "pi_13": [
        12.735128485161319,
        -5.846024975419117,
        3.742043892496048,
        -2.886823623938315
    ],
    "pi_14": [
        12.840261496626598,
        -7.474028583989868,
        3.099865148406927,
        -2.4731475726709746
    ],
    "pi_15": [
        12.61056865961085,
        -8.88457948009076,
        2.469368458890499,
        -1.9955496553960332
    ],
    "pi_16": [
        12.534009693341776,
        -9.606986551518569,
        1.8426975684273303,
        -1.4898114711264867
    ],
    "pi_17": [
        12.501808459739742,
        -9.82207917036743,
        1.2175953589733162,
        -0.9810117133945537
    ],
    "pi_18": [
        12.346821884612847,
        -9.770767684352496,
        0.6002169840932252,
        -0.4824625923896026
    ],
    "pi_19": [
        11.98395692815295,
        -9.56480411349726,
        0.0009733041916515687,
        -0.001667215105039198
    ],
    "u_00": [
        -8.028107913166913e-13
    ],
    "u_01": [
        -1.5297035988639097e-12
    ],
    "u_02": [
        63.363741027562924
    ],
    "u_03": [
        -144.6590382471768
    ],
    "u_04": [
        2.5395819505970025e-12
    ],
    "u_05": [
        4.896731752582683e-12
    ],
    "u_06": [
        2.630026338585386e-11
    ],
    "u_07": [
        24.416639906952305
    ],
    "u_08": [
        107.23645453131815
    ],
    "u_09": [
        -1.7790626613491296e-10
    ],
    "u_10": [
        -9.260464967769666e-08
    ],
    "u_11": [
        -77.3728386392974
    ],
    "u_12": [
        -36.48198941715757
    ],
    "u_13": [
        -0.4682290486047685
    ],
    "u_14": [
        7.986187660052955
    ],
    "u_15": [
        3.050926498728038
    ],
    "u_16": [
        -2.715294584085303
    ],
    "u_17": [
        -2.9055987516564628
    ],
    "u_18": [
        -0.8195897346847052
    ],
    "u_19": [
        0.05176641431895408
    ],
    "x_00": [
        6.867166920255211e-16,
        -8.839570591090124e-17,
        4.706668560783831e-16,
        1.0421695099552276e-15
    ],
    "x_01": [
        -2.7705416096726976e-16,
        2.0989789491872092e-15,
        -3.903088056721409e-14,
        5.0476275160912755e-14
    ],
    "x_02": [
        -0.00040690929876653327,
        0.0015716887250159246,
        -0.038937091614942534,
        0.14753912657647208
    ],
    "x_03": [
        0.06955480217331943,
        -0.06362696754401725,
        2.797975091950308,
        -2.6297315225402857
    ],
    "x_04": [
        0.02994296308376276,
        -0.02444554171512549,
        -4.349338331885845,
        3.9385914428733835
    ],
    "x_05": [
        -0.16903522698037304,
        0.01472504724787294,
        -3.6518792408280674,
        -2.433926467213351
    ],
    "x_06": [
        -0.36355068792972106,
        -0.18649711544868525,
        -4.276375205384146,
        -4.926670300105099
    ],
    "x_07": [
        -0.5992900019051428,
        -0.4864717435069967,
        -4.599484919987581,
        -6.435175368714196
    ],