{
    "lam_00": [
        4.510443333109125,
        1e-16,
        4190.53815866975,
        1e-16,
        706.5253965101068,
        0.05,
        0.05,
        2.6741506582606736e-10,
        1274.0613247200258,
        1e-16,
        582.0022884868957,
        1e-16,
        0.03333338590953246,
        0.03333338590953246,
        0.0,
        0.03333322818093507
    ],
    "lam_01": [
        3.151409822785275e-09,
        6.7195564698546425e-09,
        0.09999999328044352,
        2.9221081715401903e-10,
        0.042434622427357405,
        0.013550293679635311,
        0.0,
        0.04401508389300729
    ],
    "lam_02": [
        2.674150658908871e-10,
        3.3825977656481044e-09,
        0.09999999661740223,
        3.3387917567952274,
        0.04031303868212601,
        0.008711462403193999,
        0.0,
        0.05097549891467999
    ],
    "lam_03": [
        2.674150658138199e-10,
        1.4025530500697929e-08,
        0.0999999859744695,
        4.832873432090098,
        0.028415254649854456,
        0.010841801244770764,
        0.0,
        0.060742944105374785
    ],
    "lam_04": [
        2.674150660041918e-10,
        0.09999998827929657,
        1.1720703435946924e-08,
        2.3072305553275942,
        0.012922309152232355,
        0.009037494559916315,
        0.0,
        0.07804019628785133
    ],
    "lam_05": [
        4.595417793487259e-10,
        0.09999999570965742,
        4.290342582168276e-09,
        6.396216003775459e-10,
        0.004627189473880217,
        0.006427725124163305,
        0.0,
        0.08894508540195649
    ],
    "lam_06": [
        0.08542949213213115,
        0.09999999573444437,
        4.265555630810281e-09,
        2.6741507798373846e-10,
        0.015600569810345789,
        0.0019240360239316176,
        0.0,
        0.0824753941657226
    ],
    "lam_07": [
        5.72289754737367e-10,
        1.9260782630233685e-07,
        0.09999980739217369,
        5.019731224322223e-10,
        0.011450718015480414,
        0.0015151064139592566,
        0.0,
        0.08703417557056034
    ],
    "lam_08": [
        5.254738565762913e-10,
        6.125263944586638e-08,
        0.09999993874736056,
        5.44525612529252e-10,
        0.008378660735393693,
        0.0012954823073719184,
        0.0,
        0.09032585695723439
    ],
    "lam_09": [
        5.600827478909277e-10,
        9.104241760328384e-08,
        0.0999999089575824,
        5.117560386043586e-10,
        0.0013069876336674823,
        0.0007981758191014938,
        0.0,
        0.09789483654723102
    ],
    "pi_00": [
        -1274.0446581059355,
        2059.8373776690937,
        -454.59782267630186,
        411.35489906887193
    ],
    "pi_01": [
        -1235.7004004457083,
        1235.611584182457,
        -331.02007110274144,
        259.0954865544607
    ],
    "pi_02": [
        -1087.222302863681,
        713.525706256648,
        -222.28350282770063,
        159.37208210988655
    ],
    "pi_03": [
        -835.3450581247107,
        364.74011561751684,
        -138.74260858928997,
        101.19293526951415
    ],
    "pi_04": [
        -557.9587826635665,
        202.80487430418538,
        -82.94801573855314,
        68.04708624397476
    ],
    "pi_05": [
        -331.8585633565559,
        213.45983302778214,
        -49.771175443771384,
        43.28511043358239
    ],
    "pi_06": [
        -202.5154315940281,
        161.58918866608613,
        -29.529966065505974,
        24.263399513321094
    ],
    "pi_07": [
        -136.6909459117559,
        105.13887121290716,
        -15.863234099576372,
        12.813503870477232
    ],
    "pi_08": [
        -92.0201559926863,
        70.90086101005423,
        -6.6630855322061455,
        5.351363254622773
    ],
    "pi_09": [
        -66.81871137843764,
        53.51327762262781,
        0.016758735848320615,
        -0.010381077675872704
    ],
    "sl_00": [
        4.278425679788951e-07
    ],
    "sl_01": [
        2.1340327526411108e-07
    ],
    "sl_02": [
        4.469884444561939e-06
    ],
    "sl_03": [
        5.672862393857665e-06
    ],
    "sl_04": [
        1.0818715696084918e-06
    ],
    "sl_05": [
        1.494694986956562e-06
    ],
    "sl_06": [
        3.201516393580521e-06
    ],
    "sl_07": [
        7.143699514569381e-05
    ],
    "sl_08": [
        7.851323519826658e-05
    ],
    "sl_09": [
        0.0001500342072435107
    ],
    "su_00": [
        6.417925680493741e-07
    ],
    "su_01": [
        6.419412333128268e-07
    ],
    "su_02": [
        3.9076406931577783e-07
    ],
    "su_03": [
        4.24978635215971e-07
    ],
    "su_04": [
        5.430196655681642e-07
    ],
    "su_05": [
        3.4086210236280364e-07
    ],
    "su_06": [
        4.000276549754586e-07
    ],
    "su_07": [
        3.159964696387959e-07
    ],
    "su_08": [
        2.6571256503628414e-07
    ],
    "su_09": [
        2.2621616053407398e-07
    ],
    "u_00": [
        4.740947102833832e-09
    ],
    "u_01": [
        -3.461633148457548e-05
    ],
    "u_02": [
        -6.406970546429374e-09
    ],
    "u_03": [
        -4.426655211157313e-09
    ],
    "u_04": [
        -9.271457674953209e-09
    ],
    "u_05": [
        -0.00024641691785659315
    ],
    "u_06": [
        2.5024493155739574e-07
    ],
    "u_07": [
        0.00012097589433408782
    ],
    "u_08": [
        -0.0003107708629347067
    ],
    "u_09": [
        0.005964044060170148
    ],
    "x_00": [
        0.0,
        0.0,
        0.0,
        0.0
    ],
    "x_01": [
        2.3145967682599442e-11,
        2.4558920688849028e-11,
        4.673764714268401e-10,
        5.181243015984951e-10
    ],
    "x_02": [
        -1.722562873669115e-07,
        -2.0612037563465138e-07,
        -3.450695549947859e-06,
        -4.25596311071684e-06
    ],
    "x_03": [
        -5.14221629327521e-07,
        -6.725602915165757e-07,
        -3.4215019034339096e-06,
        -5.458940854624752e-06
    ],
    "x_04": [
        -8.679500773005106e-07,
        -1.3939221312826547e-06,
        -3.7302690902984876e-06,
        -9.540814868985724e-06
    ],
    "x_05": [
        -1.2807736142556325e-06,
        -2.7164366209416256e-06,
        -4.6307211161566625e-06,
        -1.7611767820903617e-05
    ],
    "x_06": [
        -2.9875950287628567e-06,
        -6.206255411293614e-06,
        -2.9475683018957966e-05,
        -5.327150437147765e-05
    ],
    "x_07": [
        -5.968220167995302e-06,
        -1.2241534139882525e-05,
        -3.070029495865373e-05,
        -7.12230637257513e-05
    ],
    "x_08": [
        -8.511362851258909e-06,
        -1.9634602977108438e-05,
        -2.02802460734445e-05,
        -7.829931262652961e-05
    ],
    "x_09": [
        -1.2201143083807295e-05,
        -3.091143052964527e-05,
        -5.370730862690587e-05,
        -0.00014982028211812384
    ],
    "x_10": [
        1.2092131372933259e-05,
        -1.0734985170650881e-05,
        0.0005399826200263827,
        0.0005582969132731765
    ]
}