{
    "lam_00": [
        10.371406865901697,
        10.142415161739336,
        10.182935533704047,
        10.029731269036041,
        10.132816803516176,
        9.741951560488129,
        10.309201785441875,
        10.666460816352368,
        10.754591549453998,
        10.849344588742275,
        9.660522522395983,
        9.868315068419054,
        9.830289098623915,
        9.977373669898448,
        9.877378936011485,
        10.279274285196484,
        9.715346344468578,
        9.417796003212619,
        9.350612844430309,
        9.279450223410382
    ],
    "pi_00": [
        -0.5504504553052743,
        0.6894080691895368,
        0.6173550758340678,
        -0.4199012133444301,
        0.254387954791377,
        -0.06910271187943001,
        -0.8971476625938528,
        0.6764403828102804,
        -0.20847091543446702,
        -0.8714659823533993
    ],
    "pi_01": [
        -0.6399988353124333,
        -0.3682537956198458,
        -0.20083695338310162,
        0.7452211875388236,
        0.10069031995306506,
        0.1469206480361481,
        0.16331230406686836,
        -0.9670516334125673,
        -0.45642070908254867,
        -0.22992225746311853
    ],
    "pi_02": [
        0.3835175519687209,
        -0.2555365523433921,
        -0.2880046976373236,
        -0.05111612740674962,
        -0.06700330437078897,
        0.12925751173550876,
        0.2805800858980006,
        0.5116516136979281,
        0.34062007562701224,
        0.7352346877527866
    ],
    "pi_03": [
        -0.028961480240093547,
        0.27204081573742117,
        0.2596427628969941,
        -0.3764797043655561,
        -0.07829850487396603,
        0.042485140060301546,
        -0.42032702175484393,
        0.34256678010446484,
        0.048180440920452657,
        -0.4279790696092177
    ],
    "pi_04": [
        -0.24795536716088049,
        -0.1030026552161845,
        -0.007848027891493794,
        0.19504245756126584,
        -0.0483082151133145,
        0.02390050168974925,
        0.09498635804197182,
        -0.54841695140315,
        -0.2690221104545075,
        -0.1438108199700378
    ],
    "pi_05": [
        0.23517226594932772,
        -0.0982162117897653,
        -0.11224458815083042,
        -0.034504254184296534,
        -0.028773333179683315,
        0.00027390140487496125,
        0.22033544813617106,
        0.11380292300458593,
        0.1339306708177336,
        0.41318633448145087
    ],
    "pi_06": [
        0.05087174357552916,
        0.16671229256269132,
        0.13462930309061982,
        -0.20783834089895606,
        -0.0003860113557500426,
        -0.024675908643151716,
        -0.15788820951637342,
        0.19860400929558736,
        0.04609254997363162,
        -0.1531890052321337
    ],
    "pi_07": [
        -0.1318912678390782,
        -0.019332548792995424,
        0.011125406231044575,
        0.10929300005136133,
        0.024617711110221603,
        -0.014521428410075407,
        0.013657160508796987,
        -0.25245344097498923,
        -0.14136124889122734,
        -0.1382590695877198
    ],
    "pi_08": [
        0.08595263514996204,
        -0.07228089053323415,
        -0.08375686038195625,
        0.05348786065966745,
        0.016579165028856698,
        -0.005182064378683899,
        0.10986619394387263,
        0.02898506042414374,
        0.053085815096696146,
        0.17365571241767344
    ],
    "pi_09": [
        0.02928146675801696,
        0.061348617117738355,
        0.03785680372698514,
        -0.07183959198831588,
        0.0093553111533877,
        -0.00730319177514535,
        -0.08212170431342239,
        0.13668358280586634,
        0.04875991089640024,
        -0.05984275889612226
    ],
    "pi_10": [
        -0.07972769015748914,
        -0.00696408592134819,
        0.006259353983505635,
        0.05566862230728362,
        0.007223591794171065,
        0.0008730894995929158,
        -0.021836150216700764,
        -0.09785004311845343,
        -0.05803459090305043,
        -0.08834178785006494
    ],
    "pi_11": [
        0.023706577027189455,
        -0.044181487905067846,
        -0.043583423822335376,
        0.03556589031149158,
        -0.002783431001265626,
        0.005853588629456505,
        0.05156778704374932,
        -0.000837939441258232,
        0.02022562977754966,
        0.08566606562492542
    ],
    "pi_12": [
        0.02079954002728338,
        0.026348624632503245,
        0.017927885010034585,
        -0.04528936973429785,
        -0.006833370177047933,
        0.00232223920974875,
        -0.032754271699208755,
        0.07179187227652543,
        0.030557854167716007,
        -0.004314387758692071
    ],
    "pi_13": [
        -0.03507297894599177,
        0.006422384496117808,
        0.014327730118416454,
        0.006565805270654432,
        -0.0032653400611931246,
        0.002296199230794926,
        -0.013519740637036632,
        -0.04302989959711363,
        -0.027829951484015087,
        -0.041655819515098065
    ],
    "pi_14": [
        0.009367465234775533,
        -0.018730656184650397,
        -0.015683860293320962,
        0.012341174900672486,
        -0.0029688404590018057,
        0.0016208159182260165,
        0.02908173614045179,
        -0.014342087545095653,
        -0.0003223128002685111,
        0.038222486453539664
    ],
    "pi_15": [
        0.01605217212884493,
        0.011245174664215212,
        0.007558304905223813,
        -0.022057858490738203,
        -0.0017271964623597356,
        -0.0008654487031299643,
        -0.008907434107277125,
        0.029851212652664584,
        0.013333977877951693,
        0.004595791239607801
    ],
    "pi_16": [
        -0.011483238806427674,
        0.006739168653683863,
        0.008018442376296783,
        -0.0004904394287964026,
        0.002135296906786969,
        -0.0006442358242769801,
        -0.005903986922267835,
        -0.015408096824317442,
        -0.009765758801466162,
        -0.02126925678812527
    ],
    "pi_17": [
        0.0014456282240433796,
        -0.008045536955990213,
        -0.007212786439920235,
        0.009310405699075897,
        0.0021804888001165893,
        -0.0016417388370866138,
        0.010706274188887916,
        -0.007061377180671963,
        -0.005112655977708156,
        0.00872050003821023
    ],
    "pi_18": [
        0.0045024280237481356,
        0.0005548335381690944,
        -0.0005632454730599128,
        -0.00049624254663384,
        -0.0004421331528379339,
        0.00020268081309215277,
        -0.004078911297749604,
        0.008197411832088228,
        0.005840730605114157,
        0.00048418944146159324
    ],
    "pi_19": [
        -0.001358020496419546,
        0.0011133761996787567,
        -4.132884186932748e-05,
        -0.002002060125178579,
        0.000833319532303876,
        -0.0002576871602914199,
        -0.0009912076725719513,
        0.00038275668703578313,
        0.0016472123798959093,
        -0.0027548718035622097
    ],
    "u_00": [
        -4.728467109234389e-12,
        5.976641673699403e-12
    ],
    "u_01": [
        7.177820790266621e-13,
        2.3506501209229463e-12
    ],
    "u_02": [
        4.199319826603005e-13,
        -1.9049295357808672e-12
    ],
    "u_03": [
        -2.141023246009493e-12,
        3.0125620388858545e-12
    ],
    "u_04": [
        -2.733217751485614e-13,
        2.3197042838029105e-12
    ],
    "u_05": [
        1.5272280951006151e-12,
        -1.3611379648989074e-12
    ],
    "u_06": [
        -5.272273401548972e-13,
        -3.4924947819758747e-13
    ],
    "u_07": [
        -2.476947907882837e-13,
        8.760785896239813e-13
    ],
    "u_08": [
        5.623944760818579e-13,
        -8.793837037138381e-13
    ],
    "u_09": [
        -3.6198488579845074e-13,
        -2.879878956733525e-13
    ],
    "u_10": [
        -2.7554883525458037e-13,
        5.523920842362981e-13
    ],
    "u_11": [
        2.84550010439563e-13,
        -2.424834438737077e-13
    ],