{
    "lam_00": [
        9.202550596221897,
        10.22288476534571,
        11.050837295652759,
        10.455103355387916,
        10.830515062741027,
        9.962763196132345,
        10.574610576828855,
        10.19271780026989,
        10.956646663068215,
        11.595929964523549,
        10.984837218192762,
        9.816684765922027,
        9.157504833473217,
        9.61142590173866,
        9.314101448222928,
        10.069126886253875,
        9.512625763882879,
        9.84456556047705,
        9.223099356055396,
        8.815610956118345
    ],
    "pi_00": [
        0.8186402450567446,
        -0.766248502748804,
        -1.0732122479623059,
        0.7012734282688523,
        -2.3292925710355057,
        0.9881070131408592,
        -0.2923216026121182,
        -0.552050816451709,
        0.6599502189377735,
        -0.07903975504883616
    ],
    "pi_01": [
        0.01193064976064116,
        0.26974645780903206,
        0.7270336049570228,
        1.1231716519748205,
        -0.036892718428233016,
        -0.12164653003199058,
        -1.5737172379020459,
        -0.2491551815548015,
        0.17463335896834498,
        -0.06692445677521891
    ],
    "pi_02": [
        -0.7589973020795383,
        -0.013939305714967768,
        -0.35270540414254,
        0.15088625501703204,
        0.6601820228905657,
        -0.07540900614791146,
        0.02245284848833917,
        0.08637930433445011,
        1.2944599537740267,
        0.3095330680341868
    ],
    "pi_03": [
        0.8084258637341563,
        0.2666869690843135,
        -0.47158813599573957,
        0.1460849311588054,
        -0.7177505782107862,
        -0.3035909788273759,
        0.08714614543486578,
        -0.40430300970716765,
        -0.04416412978313898,
        0.15522372757622804
    ],
    "pi_04": [
        0.03957497017488691,
        -0.10628883474261247,
        0.5398319496213538,
        0.20496978710709088,
        0.15710702704624663,
        0.3133288486820732,
        -0.5621714776631921,
        -0.15495395506177134,
        0.07643737808180578,
        -0.35912281002827323
    ],
    "pi_05": [
        -0.39083714469449843,
        -0.025469612648155997,
        -0.12914057597196424,
        -0.03154698138195544,
        0.3754970526478763,
        -0.1767767232583511,
        0.17480472731572014,
        0.222234202051094,
        0.269788373453989,
        0.2149157373440085
    ],
    "pi_06": [
        0.3036228391610728,
        0.05913097113389305,
        -0.242093071486818,
        -0.00465717218241242,
        -0.454330500726791,
        -0.008434914412848146,
        -0.004380816231194912,
        -0.14188014629045834,
        -0.09394704263068734,
        0.03661371478885529
    ],
    "pi_07": [
        -0.015243229785094708,
        0.036253522822443394,
        0.27221833070368123,
        0.11754940408263302,
        0.15117757201836118,
        0.06719092077687021,
        -0.16172902933736089,
        -0.04551737964729998,
        0.025378401784759287,
        -0.13041127917062265
    ],
    "pi_08": [
        -0.13617487605335069,
        -0.06657426585213892,
        -0.09785337003970236,
        -0.07108207891651074,
        0.15045415900450987,
        -0.047740548221184495,
        0.11880027212230576,
        0.07534548753352928,
        0.11257363516000152,
        0.0768814157682395
    ],
    "pi_09": [
        0.1433677344975877,
        0.03202704843093435,
        -0.07334355560186684,
        0.0046667038057552224,
        -0.2191436669014808,
        -0.008936912203027962,
        -0.0324125718506156,
        -0.046755181877032065,
        -0.10475297773514859,
        0.012777664203691592
    ],
    "pi_10": [
        -0.0538374752914289,
        0.010928420409717119,
        0.12380212134041894,
        0.0481118800941552,
        0.09496851658788916,
        0.04413071491514256,
        -0.06675227142982787,
        -0.002360969812944902,
        0.03930220872620927,
        -0.0569617292509464
    ],
    "pi_11": [
        -0.039822909854805515,
        -0.017541957423829593,
        -0.06869483505305984,
        -0.03573738637483987,
        0.051341685833801096,
        -0.041511861694450786,
        0.08090552247715006,
        0.026508240841420807,
        0.04329951434320771,
        0.04754579044646772
    ],
    "pi_12": [
        0.07686121696058831,
        0.0066753067997146155,
        -0.016158612435205125,
        0.0030507438695221603,
        -0.1041474360558384,
        0.010953193877473217,
        -0.03077540958752012,
        -0.030019605851552337,
        -0.057571112474108,
        -0.010887877531185823
    ],
    "pi_13": [
        -0.04300209237249079,
        0.002028827873028282,
        0.05919307859850269,
        0.019740345392039126,
        0.06210007286123102,
        0.015464727194114333,
        -0.02768596039143536,
        0.01203520029024892,
        0.022389535236995713,
        -0.019334708382000708
    ],
    "pi_14": [
        -0.01324296342945207,
        -0.005290305041553564,
        -0.04303382460878301,
        -0.017792848262299408,
        0.006154975655446804,
        -0.018669299622752024,
        0.039105488288120535,
        0.009261633894397114,
        0.01772123913186934,
        0.024612024756823052
    ],
    "pi_15": [
        0.03761652576677518,
        0.007060922199697656,
        0.0010583906699694538,
        0.0053773449436603695,
        -0.041261099742653184,
        0.004788561712333731,
        -0.014186711808465617,
        -0.017332163037318278,
        -0.0258923351071385,
        -0.009338980757011775
    ],
    "pi_16": [
        -0.02010901494349291,
        -0.005241295412041799,
        0.023939654820949507,
        0.005045086298844433,
        0.032666965147125034,
        0.006793440999327161,
        -0.009205777145753295,
        0.00858407271268609,
        0.011792752330849478,
        -0.006530264043241326
    ],
    "pi_17": [
        -0.005897332018198713,
        -0.0022620157681814412,
        -0.018768660153614555,
        -0.0036270099829292433,
        -0.009473954637825507,
        -0.005726077113088247,
        0.009737176094790563,
        0.0034800633377283824,
        0.0023247925439667393,
        0.009805903127160523
    ],
    "pi_18": [
        0.01115175237755696,
        0.005404049607762772,
        0.0011572813156742756,
        0.0021236319708258255,
        -0.007530200238192363,
        -0.00010778758311980624,
        -0.0046232860397492585,
        -0.006494951850828949,
        -0.003828099502304077,
        -0.002025317574608838
    ],
    "pi_19": [
        -0.0008478625120442316,
        -0.00010768519953655351,
        0.0048832626322257945,
        -0.0012987987995848327,
        0.006947106859785108,
        -0.00016087313997813197,
        -0.0013582726450581163,
        0.0006160148429840632,
        0.0048126360430074625,
        -0.002485165250996495
    ],
    "u_00": [
        -5.848180812772878e-12,
        2.2458715490363945e-12
    ],
    "u_01": [
        1.279414624916729e-11,
        -1.655128874125493e-13
    ],
    "u_02": [
        -8.57249504943123e-12,
        6.834947850211347e-12
    ],
    "u_03": [
        -2.0629267608388013e-12,
        -9.776841405147348e-13
    ],
    "u_04": [
        -6.5922858323106e-13,
        1.8194380396285674e-12
    ],
    "u_05": [
        -3.3342098748829e-12,
        2.9683668920760763e-12
    ],
    "u_06": [
        1.8004560414449939e-12,
        -3.80992890773417e-12
    ],
    "u_07": [
        -6.68973122577366e-13,
        2.2645574617710575e-12
    ],
    "u_08": [
        -1.3438242150456102e-12,
        6.634016032775738e-13
    ],
    "u_09": [
        1.2758793248800714e-12,
        -1.671520499866696e-12
    ],
    "u_10": [
        -3.566405208298379e-13,
        9.811761202371512e-13
    ],
    "u_11": [
        -6.166588617303602e-13,
        2.7042206161517236e-13
    ],