{
    "lam_00": [
        10.187383835565178,
        10.504925480769472,
        10.16169576106159,
        10.009419000375006,
        10.54751626931394,
        10.29234428435253,
        10.806593280434102,
        9.846582496576522,
        10.462523846074134,
        10.218465095614135,
        9.82540420104136,
        9.546917639749172,
        9.849423246584264,
        9.996860591710668,
        9.512046029239288,
        9.729702191144508,
        9.310837271504216,
        10.164695825777907,
        9.582241120214965,
        9.79667693579045
    ],
    "pi_00": [
        0.5238661242746555,
        1.014114062129208,
        0.1846761598823767,
        0.14830181901515577,
        0.057365335457960936,
        -0.7008094196261082,
        -0.16203411771936144,
        -0.4621083198343717,
        -0.3503085349909684,
        -0.27803766193533763
    ],
    "pi_01": [
        0.2107892031506248,
        0.051878368663297196,
        0.17220544111887973,
        -0.30827579134303246,
        0.033919099844371456,
        0.2073739347759425,
        0.3087519522674496,
        -0.19173765477078797,
        0.18892520744768032,
        -0.2284075006857699
    ],
    "pi_02": [
        0.13373312830271836,
        0.2645353941250952,
        -0.020233866356167182,
        -0.043019969233916884,
        -0.006243229753155421,
        0.01744584259837567,
        0.20271930689245576,
        -0.10829507744043453,
        0.053031990326498725,
        -0.2599917952918564
    ],
    "pi_03": [
        0.04239028762315238,
        0.06054706722094143,
        0.03238305047834539,
        -0.1294996380710438,
        0.04217431551772995,
        0.02255197021017702,
        0.11600412309180137,
        -0.05403476240463169,
        0.04192862611156168,
        -0.15981415589094997
    ],
    "pi_04": [
        0.07089126257941547,
        0.0864050355833023,
        0.005438382926953127,
        -0.013582767981978617,
        0.02960712352398448,
        0.007259690308312062,
        0.07921128118295948,
        -0.06312878214788938,
        0.02144035868528531,
        -0.09597007713302422
    ],
    "pi_05": [
        0.04730003443579983,
        0.05811375721670247,
        0.04080429198372144,
        -0.03387510828928007,
        0.004543846092781807,
        -0.0018130951946373256,
        0.03376789809503871,
        -0.049081181390466876,
        0.0041772459329830255,
        -0.04285540686519535
    ],
    "pi_06": [
        0.03062833305722431,
        0.04371768433265889,
        0.0007891872821918573,
        -0.02489420657901044,
        0.005182003187028662,
        0.012899834605958154,
        0.04254569092161143,
        -0.02633408308430507,
        0.014718812992026906,
        -0.04309513089213003
    ],
    "pi_07": [
        0.015335276884035744,
        0.01911928937076377,
        0.0074615616903255496,
        -0.01898054931228889,
        0.0077225039281681365,
        0.009474681524569342,
        0.0285435570735538,
        -0.013935968723970266,
        0.011831613444418822,
        -0.03276127301708348
    ],
    "pi_08": [
        0.013843996496797906,
        0.020287629863588928,
        0.002970539277255599,
        -0.0062223263573802584,
        0.004260612663589424,
        -1.0457142534978162e-06,
        0.01591191137446252,
        -0.01318205539503588,
        0.0032977814687659463,
        -0.020947573332028763
    ],
    "pi_09": [
        0.009295881789704478,
        0.011230101273307222,
        0.005541508079279456,
        -0.008330201112916297,
        0.0024547797697531456,
        0.0015032569851806878,
        0.00991536384785429,
        -0.009300055908735574,
        0.0027105760705716624,
        -0.01166845042484901
    ],
    "pi_10": [
        0.006782173296223287,
        0.009033548245550159,
        0.0014647717982778459,
        -0.004392104347285094,
        0.0015467864484086144,
        0.002124651311659696,
        0.00855854061745666,
        -0.005993724041385994,
        0.0028130211438609997,
        -0.009216363434144148
    ],
    "pi_11": [
        0.003905587960999393,
        0.005241593430198901,
        0.0018215072741775001,
        -0.0037803014904253113,
        0.0012137248134499918,
        0.0012434221018828543,
        0.005526787325133081,
        -0.0037017826052777154,
        0.0018474535733500055,
        -0.006497438837946367
    ],
    "pi_12": [
        0.002906757263814493,
        0.004019611898247922,
        0.0006723575817816286,
        -0.002020322549234272,
        0.0009211233616509192,
        0.0005872298995350415,
        0.003804988398576427,
        -0.002702403625221989,
        0.0011139402058203396,
        -0.004545993681131598
    ],
    "pi_13": [
        0.001981263270646759,
        0.0024952122202157438,
        0.0009506439481742778,
        -0.0016089358817796718,
        0.000587501362952696,
        0.0004054723505949655,
        0.002393716418714377,
        -0.0019060216740925612,
        0.0007235636691567336,
        -0.002829400641517357
    ],
    "pi_14": [
        0.0014260182045907758,
        0.0019146935168713264,
        0.0004269786302781005,
        -0.000973541189505625,
        0.0003338853857479536,
        0.00028857017850237676,
        0.0017343830919616552,
        -0.0013191405061820567,
        0.0005132273971195786,
        -0.001981167564162236
    ],
    "pi_15": [
        0.0008826665555692106,
        0.0011438282955616454,
        0.0003521571230345309,
        -0.0007979826036698087,
        0.00024636813963167185,
        0.00023354222657823094,
        0.0011881440966292549,
        -0.0008308156446953126,
        0.0003935361119591973,
        -0.0013672164143321644
    ],
    "pi_16": [
        0.0006196165096839816,
        0.0007847611863574839,
        0.0001675413499682712,
        -0.0004587236163546345,
        0.000168317110431662,
        0.00010360106668695522,
        0.0008151946787192405,
        -0.0005621122919585504,
        0.00027171905820798,
        -0.0009548602830131383
    ],
    "pi_17": [
        0.00040557256923207135,
        0.00047144456540001945,
        0.00014894143642312218,
        -0.00031507884970700343,
        5.0242895671081123e-05,
        1.3553691808752517e-05,
        0.0005281028588613586,
        -0.00038847680357113353,
        0.0001765360714368853,
        -0.0005777036389751969
    ],
    "pi_18": [
        0.00022854197702579275,
        0.00028203435462862076,
        5.630482989407118e-05,
        -0.00022302552508306477,
        -7.3875160473561006e-06,
        -2.040721352986714e-05,
        0.00034532832601030046,
        -0.00019873593854077858,
        0.00013504544374335595,
        -0.0003768238882855779
    ],
    "pi_19": [
        7.857165789846764e-05,
        0.00010537197943784282,
        -4.199922325622533e-05,
        -0.00010274976860739492,
        -1.395773578675229e-05,
        -2.2745984954872877e-05,
        0.00020997359469740432,
        -7.690682593951085e-05,
        8.25963663543704e-05,
        -0.00022575444300779602
    ],
    "u_00": [
        2.2100662771216972e-12,
        7.83883015735478e-14
    ],
    "u_01": [
        5.437777761033808e-13,
        -9.334625357838161e-13
    ],
    "u_02": [
        3.145636844130136e-13,
        -3.1923901987884203e-14
    ],
    "u_03": [
        2.964364932450843e-13,
        4.229741590886047e-13
    ],
    "u_04": [
        4.701843594846831e-13,
        -4.486903229950967e-14
    ],
    "u_05": [
        3.9333925114411195e-13,
        -1.3198609325662644e-13
    ],
    "u_06": [
        1.852458508193566e-13,
        6.0134580915125225e-15
    ],
    "u_07": [
        8.832087355205656e-14,
        4.7788851801028147e-14
    ],
    "u_08": [
        9.084860526099972e-14,
        1.7595558283948981e-15
    ],
    "u_09": [
        7.28968278401832e-14,
        -7.340378203543347e-15
    ],