{
    "lam_00": [
        3.3525187969696627e-13,
        735.6440370953868,
        1628.8910608854453,
        174.61660871810946,
        326.473635349437,
        3.35321758565156e-13,
        2.4809236748346217,
        71.79005300461397,
        243.13077580816184,
        0.16994744949959203,
        90.8769897381185,
        2.4809236748346217
    ],
    "lam_01": [
        3.3430109553688736e-13,
        3.3437028683931703e-13,
        1.3788259356917458,
        1.3788259356917458
    ],
    "lam_02": [
        5.694861430186538e-13,
        5.694861430186538e-13,
        8.578507810004345e-13,
        8.578507810004345e-13
    ],
    "lam_03": [
        0.8280972888259195,
        0.8280972888259195,
        3.339705577507663e-13,
        3.3403936851040954e-13
    ],
    "lam_04": [
        0.8319615186250063,
        0.8319615186250063,
        3.3395202093764146e-13,
        3.3402082566217494e-13
    ],
    "lam_05": [
        0.508043672551815,
        0.508043672551815,
        3.3378576966503313e-13,
        3.338543591505538e-13
    ],
    "lam_06": [
        0.18056281349176861,
        0.18056281349176861,
        3.318910579707042e-13,
        3.319587998012378e-13
    ],
    "lam_07": [
        2.325722201070257e-11,
        2.325722201070257e-11,
        9.279175905413224e-14,
        9.279175905413224e-14
    ],
    "lam_08": [
        1.0179814397481397e-14,
        1.0130277806378487e-14,
        0.01241329883246957,
        0.01241329883246957
    ],
    "lam_09": [
        1.2446153350746024e-13,
        1.2446153350746024e-13,
        1.8813330158714073e-08,
        1.8813330158714073e-08
    ],
    "lam_10": [
        3.0496460665942635e-12,
        3.0496460665942635e-12,
        3.8405900872396384e-13,
        3.8405900872396384e-13
    ],
    "lam_11": [
        1.7798030859609601e-12,
        1.7798030859609601e-12,
        2.750157497355653e-13,
        2.750157497355653e-13
    ],
    "lam_12": [
        6.420660913334067e-13,
        6.420660913334067e-13,
        6.924312529769964e-13,
        6.924312529769964e-13
    ],
    "lam_13": [
        5.009189111711085e-13,
        5.009189111711085e-13,
        8.84573900242191e-13,
        8.84573900242191e-13
    ],
    "lam_14": [
        5.571062116405889e-13,
        5.571062116405889e-13,
        8.165168995486107e-13,
        8.165168995486107e-13
    ],
    "lam_15": [
        6.322748474638918e-13,
        6.322748474638918e-13,
        7.210542056566161e-13,
        7.210542056566161e-13
    ],
    "lam_16": [
        6.74321292047401e-13,
        6.74321292047401e-13,
        6.754296108625514e-13,
        6.754296108625514e-13
    ],
    "lam_17": [
        6.843988424763294e-13,
        6.843988424763294e-13,
        6.653508830048868e-13,
        6.653508830048868e-13
    ],
    "lam_18": [
        6.817889826910485e-13,
        6.817889826910485e-13,
        6.679368631049698e-13,
        6.679368631049698e-13
    ],
    "lam_19": [
        6.785952384783301e-13,
        6.785952384783301e-13,
        6.711080073404549e-13,
        6.711080073404549e-13
    ],
    "pi_00": [
        663.8539840907886,
        1249.5179286911598,
        141.2539620640704,
        178.04236580818218
    ],
    "pi_01": [
        653.8591317471577,
        1261.3351459324988,
        108.55701160878178,
        124.17301437283255
    ],
    "pi_02": [
        614.0845605624246,
        1068.6311574137465,
        77.84490606364146,
        72.1923799418269
    ],
    "pi_03": [
        534.0410355349463,
        639.9907490960678,
        51.13464582957658,
        33.46705482825656
    ],
    "pi_04": [
        422.8439274851986,
        361.7520393744502,
        29.988160605000314,
        11.531523115091483
    ],
    "pi_05": [
        299.6945814335813,
        184.4257535202855,
        15.002928561707638,
        0.733715079072434
    ],
    "pi_06": [
        183.46224017361854,
        71.17662603154028,
        5.833095211376542,
        -3.0961516012957175
    ],
    "pi_07": [
        93.2853148158444,
        -4.191434771582911,
        1.1760019950112144,
        -2.8202133129861813
    ],
    "pi_08": [
        41.78158856131045,
        -38.799670690266936,
        -0.9047875050486505,
        -0.8569606859388617
    ],
    "pi_09": [
        21.893852328098507,
        -37.03785675328492,
        -1.9951482732360069,
        0.9890888863035153
    ],
    "pi_10": [
        15.155499961182997,
        -23.938201320496095,
        -2.7519929506621077,
        2.152009161798308
    ],
    "pi_11": [
        10.371179891764916,
        -12.071518201771172,
        -3.2707008177931898,
        2.7164059542374743
    ],
    "pi_12": [
        4.878931818788633,
        -4.249306297781759,
        -3.514781988094069,
        2.8863423481483768
    ],
    "pi_13": [
        -0.7221193963019641,
        0.6761065540246637,
        -3.478585145587634,
        2.809403017516153
    ],
    "pi_14": [
        -5.561795107037516,
        4.139926763537889,
        -3.2002818288374963,
        2.5618631438248416
    ],
    "pi_15": [
        -9.29382290871762,
        6.840850607257018,
        -2.7353612620922085,
        2.18431081746206
    ],
    "pi_16": [
        -11.9434668995387,
        8.950534956975392,
        -2.137984454790951,
        1.708055872284071
    ],
    "pi_17": [
        -13.641958498763191,
        10.457073830668348,
        -1.455709606283816,
        1.1644445444551914
    ],
    "pi_18": [
        -14.493866396580044,
        11.33346691041903,
        -0.7308546561638011,
        0.5856788682729396
    ],
    "pi_19": [
        -14.550948146681316,
        11.569643670019396,
        -0.003151029967262759,
        0.00397927648425395
    ],
    "u_00": [
        -1.0368136828687452e-10
    ],
    "u_01": [
        -2.8820646962176254e-10
    ],
    "u_02": [
        -4.783547468407805e-07
    ],
    "u_03": [
        5.903198607834417e-10
    ],
    "u_04": [
        6.319089652039554e-10
    ],
    "u_05": [
        1.1775928931523176e-09
    ],
    "u_06": [
        4.3205010335448796e-09
    ],
    "u_07": [
        4.910331190225575e-05
    ],
    "u_08": [
        -1.1526221248163437e-05
    ],
    "u_09": [
        -2.8774067588277497e-05
    ],
    "u_10": [
        -6.727670853738654e-05
    ],
    "u_11": [
        -8.37387077202642e-06
    ],
    "u_12": [
        6.847713925533985e-05
    ],
    "u_13": [
        2.43932029227829e-05
    ],
    "u_14": [
        -1.370144754758761e-05
    ],
    "u_15": [
        -1.3520886018510343e-05
    ],
    "u_16": [
        -2.5333185524985995e-06
    ],
    "u_17": [
        2.3563385107218024e-06
    ],
    "u_18": [
        1.9221308649787245e-06
    ],
    "u_19": [
        4.427125011834601e-07
    ],
    "x_00": [
        -1.5634856069849858e-13,
        6.787733846743214e-13,
        -3.776834084605358e-13,
        -4.1702735564760307e-13
    ],
    "x_01": [
        -3.0235992357953004e-13,
        8.04125767033321e-13,
        -5.430110720338992e-12,
        5.2865336503552185e-12
    ],
    "x_02": [
        -9.17999883368998e-13,
        1.4445738482487673e-12,
        -1.8923308227805483e-11,
        1.9220996014024426e-11
    ],
    "x_03": [
        -5.686093208903797e-10,
        5.636741014002063e-10,
        -2.2311569136424523e-08,
        2.0647759820313703e-08
    ],
    "x_04": [
        -1.658506269343305e-09,
        1.6765020394539633e-09,
        -2.1306432908526425e-08,
        2.4892300835784335e-08
    ],
    "x_05": [
        -2.695757325976982e-09,
        3.164122834519207e-09,
        -2.007888842418446e-08,
        3.5943070880186355e-08
    ],
    "x_06": [
        -3.6466431076902418e-09,
        5.4276829495961685e-09,
        -1.7652991826656828e-08,
        5.655470667465098e-08
    ],
    "x_07": [
        -4.41708143528169e-09,
        9.05043105414819e-09,
        -1.2744840577757707e-08,
        9.077640638846139e-08
    ],