{
    "lam_00": [
        1e-16,
        733.3058865460841,
        1629.920708816906,
        174.29952345523077,
        325.8716686595143,
        1e-16,
        2.4840693474517215,
        69.71380853678322,
        242.3862170633819,
        0.011085731393146071,
        90.25136428743765,
        2.4840693474517215
    ],
    "lam_01": [
        1e-16,
        1e-16,
        1.3791013560677683,
        1.3791013560677683
    ],
    "lam_02": [
        1e-16,
        1e-16,
        1e-16,
        1e-16
    ],
    "lam_03": [
        0.8245184437326364,
        0.8245184437326364,
        1e-16,
        1e-16
    ],
    "lam_04": [
        0.8275077720720139,
        0.8275077720720139,
        1e-16,
        1e-16
    ],
    "lam_05": [
        0.5047919501293724,
        0.5047919501293724,
        1e-16,
        1e-16
    ],
    "lam_06": [
        0.17926194367883425,
        0.17926194367883425,
        1e-16,
        1e-16
    ],
    "lam_07": [
        1e-16,
        1e-16,
        1e-16,
        1e-16
    ],
    "lam_08": [
        1e-16,
        1e-16,
        0.012704744735593227,
        0.012704744735593227
    ],
    "lam_09": [
        1e-16,
        1e-16,
        1e-16,
        1e-16
    ],
    "lam_10": [
        1e-16,
        1e-16,
        1e-16,
        1e-16
    ],
    "lam_11": [
        1e-16,
        1e-16,
        1e-16,
        1e-16
    ],
    "lam_12": [
        1e-16,
        1e-16,
        1e-16,
        1e-16
    ],
    "lam_13": [
        1e-16,
        1e-16,
        1e-16,
        1e-16
    ],
    "lam_14": [
        1e-16,
        1e-16,
        1e-16,
        1e-16
    ],
    "lam_15": [
        1e-16,
        1e-16,
        1e-16,
        1e-16
    ],
    "lam_16": [
        1e-16,
        1e-16,
        1e-16,
        1e-16
    ],
    "lam_17": [
        1e-16,
        1e-16,
        1e-16,
        1e-16
    ],
    "lam_18": [
        1e-16,
        1e-16,
        1e-16,
        1e-16
    ],
    "lam_19": [
        1e-16,
        1e-16,
        1e-16,
        1e-16
    ],
    "pi_00": [
        663.5920780093008,
        1251.2829655705907,
        141.1088338233726,
        177.97728287853948
    ],
    "pi_01": [
        653.5972256655616,
        1262.8815389669403,
        108.42497867216373,
        124.02359534189982
    ],
    "pi_02": [
        613.8226544804257,
        1067.1130076179363,
        77.72596843112328,
        72.04560823960169
    ],
    "pi_03": [
        533.7794016639504,
        639.2524148728255,
        51.028789996598704,
        33.39436160846048
    ],
    "pi_04": [
        422.58307074830714,
        361.4269016152622,
        29.895347704210312,
        11.506882534234848
    ],
    "pi_05": [
        299.4349364797373,
        184.23230262771764,
        14.923097984721672,
        0.7383319231153422
    ],
    "pi_06": [
        183.20409552907427,
        70.96294869287279,
        5.766171901679625,
        -3.0744988197012035
    ],
    "pi_07": [
        93.02870630806886,
        -4.160166586411624,
        1.121909101946527,
        -2.793638487354422
    ],
    "pi_08": [
        41.54500034136006,
        -38.82455212600496,
        -0.9470434870110408,
        -0.8289018512359777
    ],
    "pi_09": [
        21.71419747548546,
        -37.0375342299334,
        -2.0284141646758607,
        1.0152372044786608
    ],
    "pi_10": [
        15.041646320336616,
        -23.906279786375393,
        -2.7795699740204567,
        2.1756502367594748
    ],
    "pi_11": [
        10.293877361963833,
        -11.992310165193844,
        -3.2944206041970765,
        2.7363914066761374
    ],
    "pi_12": [
        4.8089786118902955,
        -4.1679033374007455,
        -3.535007910865032,
        2.9023063361706076
    ],
    "pi_13": [
        -0.793585915392805,
        0.7387340543065419,
        -3.4952374907954273,
        2.8220451837357565
    ],
    "pi_14": [
        -5.631468456424374,
        4.188954135855024,
        -3.213449435131801,
        2.5718719061386452
    ],
    "pi_15": [
        -9.35783192353833,
        6.8837892825138205,
        -2.745327940241806,
        2.1920396133652957
    ],
    "pi_16": [
        -12.000783554426532,
        8.990797401197423,
        -2.145085366263393,
        1.7136757459444107
    ],
    "pi_17": [
        -13.693415964418922,
        10.495474514141701,
        -1.4602379117180067,
        1.168079025561066
    ],
    "pi_18": [
        -14.540817763737653,
        11.370115713920109,
        -0.7330356673209313,
        0.5874442459450071
    ],
    "pi_19": [
        -14.594651380164033,
        11.604716662694814,
        -0.003147108634488301,
        0.003981833644386564
    ],
    "u_00": [
        4.2483311593404324e-14
    ],
    "u_01": [
        7.06181931925436e-14
    ],
    "u_02": [
        0.8012675674664452
    ],
    "u_03": [
        -1.266885480159751e-13
    ],
    "u_04": [
        -1.2667425780914876e-13
    ],
    "u_05": [
        -2.0979675549063014e-13
    ],
    "u_06": [
        -5.598108341632862e-13
    ],
    "u_07": [
        2.380714218875552
    ],
    "u_08": [
        4.5918659838579436e-11
    ],
    "u_09": [
        -5.850720973531735
    ],
    "u_10": [
        -0.42168398524998113
    ],
    "u_11": [
        1.467954888311038
    ],
    "u_12": [
        1.2864176164954046
    ],
    "u_13": [
        0.3337743601563683
    ],
    "u_14": [
        -0.02563907540087157
    ],
    "u_15": [
        -0.03388191395588989
    ],
    "u_16": [
        -0.0020169452518507052
    ],
    "u_17": [
        0.007860411463826338
    ],
    "u_18": [
        0.005201833732451306
    ],
    "u_19": [
        -0.0018782286798884231
    ],
    "x_00": [
        2.1557097039534424e-17,
        -7.4566481388942455e-19,
        -8.863370486775708e-17,
        -4.575429227145518e-17
    ],
    "x_01": [
        5.629726054602058e-17,
        -6.901888554499155e-17,
        2.027825004022912e-15,
        -1.7725649455612647e-15
    ],
    "x_02": [
        2.4319355767771346e-16,
        -7.003256597360859e-16,
        5.3823810496333535e-15,
        -5.462423546341999e-15
    ],
    "x_03": [
        0.0009489510554544429,
        -0.0009381932588684376,
        0.037313571191503817,
        -0.03440354761461313
    ],
    "x_04": [
        0.002772650135551393,
        -0.0027933124021504614,
        0.035668949055077864,
        -0.04151237649886915
    ],
    "x_05": [
        0.004438210567292125,
        -0.005314397282360649,
        0.03041009032359048,
        -0.06215406181794748
    ],
    "x_06": [
        0.005719245368368487,
        -0.009344853739532857,
        0.019500131898919512,
        -0.10308288595542588
    ],
    "x_07": [
        0.006241640624114801,
        -0.016012331432098625,
        0.0010195550474992661,
        -0.16389743920937164
    ],
    "x_08": [
        0.010285169819087092,
        -0.011423104485388285,
        0.17445225121422356,
        0.3874094353134079
    ],
    "x_09": [
        0.01940651048850198,
        0.006672848019721644,
        0.17781981998920363,
        0.2939517372871661
    ],
    "x_10": [
        0.019919778140762963,
        0.009767367108040013,
        -0.14025946089453675,
        -0.12631623773693673
    ],
    "x_11": [
        0.01240801426029643,
        0.0027371286147574686,
        -0.1619209457588539,
        -0.1646327293420802
    ],
    "x_12": [
        0.006155445970514765,
        -0.003207213157531256,
        -0.08830475514740206,
        -0.07355567096665432
    ],
    "x_13": [
        0.0033336490518521304,
        -0.004973504190589909,
        -0.02448797019126382,
        0.0034042967648719906
    ],
    "x_14": [
        0.0025255848030719267,
        -0.004315735552351003,
        -0.007775322416052054,
        0.02323133488406281
    ],
    "x_15": [
        0.0021023510645662075,
        -0.00324270237466729,
        -0.009154889975253856,
        0.019767964442498752
    ],